balance_ratio,sim_calculation_type,batch_size,n_iter,sim_type,improvement_ratio
-1,-1,-1,-1,-1,-0.0233449540704228
-1,-1,-1,-1,-1,0.0266395911666818
-1,-1,-1,-1,-1,-0.032154154611062
-1,-1,-1,-1,-1,-0.1106841890862787
-1,-1,-1,-1,-1,-0.0173619824157946
-1,-1,-1,-1,-1,0.0004797921439067
-1,-1,-1,-1,-1,-0.0231025186877774
-1,-1,-1,-1,-1,-0.0038969061220155
-1,-1,-1,-1,-1,-0.1054049372564771
-1,-1,-1,-1,-1,-0.0260365882496775
-1,-1,-1,-1,-1,-0.0271292766086576
-1,-1,-1,-1,-1,0.0189024495381903
-1,-1,-1,-1,-1,-0.0445710338348515
-1,-1,-1,-1,-1,-0.0334574886317476
-1,-1,-1,-1,-1,-0.0341552869770685
-1,-1,-1,-1,-1,-0.0112899013251558
-1,-1,-1,-1,-1,-0.0186936640223908
-1,-1,-1,-1,-1,-0.0258176552962747
-1,-1,-1,-1,-1,-0.0259410859437205
-1,-1,-1,-1,-1,-0.0175619643036881
-1,-1,-1,-1,-1,-0.0229257000554641
-1,-1,-1,-1,-1,0.0031484800602779
-1,-1,-1,-1,-1,-0.0350685639726495
-1,-1,-1,-1,-1,-0.1477950541486818
-1,-1,-1,-1,-1,-0.0509367565478904
-1,-1,-1,-1,-1,-0.0254143874199751
-1,-1,-1,-1,-1,-0.0063686846904217
-1,-1,-1,-1,-1,-0.0682310448215268
-1,-1,-1,-1,-1,-0.1056481498857155
-1,-1,-1,-1,-1,0.0016106418450224
-1,-1,-1,-1,-1,0.0097246397876588
-1,-1,-1,-1,-1,-0.0225662210934519
-1,-1,-1,-1,-1,0.0098366470804227
-1,-1,-1,-1,-1,-0.0300369772558639
-1,-1,-1,-1,-1,-0.0234002089857298
-1,-1,-1,-1,-1,0.0034750305344719
-1,-1,-1,-1,-1,0.0088391729822485
-1,-1,-1,-1,-1,-0.0286612389014541
-1,-1,-1,-1,-1,-0.095179519400638
-1,-1,-1,-1,-1,-0.0431279484381705
-1,-1,-1,-1,-1,-0.0016925930545835
-1,-1,-1,-1,-1,0.0165899149283092
-1,-1,-1,-1,-1,-0.0274923428093846
-1,-1,-1,-1,-1,-0.0747170393628915
-1,-1,-1,-1,-1,-0.0150074155905479
-1,-1,-1,-1,-1,-0.0492816451077431
-1,-1,-1,-1,-1,0.0232061481015369
-1,-1,-1,-1,-1,-0.0189978818679534
-1,-1,-1,-1,-1,-0.0739661124328536
-1,-1,-1,-1,-1,-0.0183579846188838
-1,-1,-1,-1,1,0.015472300558192
-1,-1,-1,-1,1,0.0014821362880261
-1,-1,-1,-1,1,0.0243567170786501
-1,-1,-1,-1,1,-0.0167787765958966
-1,-1,-1,-1,1,-0.0283145998660531
-1,-1,-1,-1,1,-0.0025826747783219
-1,-1,-1,-1,1,0.0218565092763693
-1,-1,-1,-1,1,0.0254072636440422
-1,-1,-1,-1,1,-0.0200483055042206
-1,-1,-1,-1,1,0.0076184640911001
-1,-1,-1,-1,1,-0.0018729851096286
-1,-1,-1,-1,1,-0.0111912792579422
-1,-1,-1,-1,1,0.023938107247677
-1,-1,-1,-1,1,-0.0223597923979117
-1,-1,-1,-1,1,0.0109313837398421
-1,-1,-1,-1,1,-0.0002781259079073
-1,-1,-1,-1,1,-0.0021162766519813
-1,-1,-1,-1,1,0.0242494914223061
-1,-1,-1,-1,1,-0.0273065626378168
-1,-1,-1,-1,1,0.0067014730032389
-1,-1,-1,-1,1,0.0092879582405388
-1,-1,-1,-1,1,0.017334939697113
-1,-1,-1,-1,1,0.0035191544616499
-1,-1,-1,-1,1,-0.0350046869270924
-1,-1,-1,-1,1,-0.0007837662625305
-1,-1,-1,-1,1,0.0070842133201576
-1,-1,-1,-1,1,-0.0033262071534684
-1,-1,-1,-1,1,-0.0193333143665878
-1,-1,-1,-1,1,-0.0252624234858926
-1,-1,-1,-1,1,0.0182894053022827
-1,-1,-1,-1,1,-0.0128156868824399
-1,-1,-1,-1,1,0.0203005648234154
-1,-1,-1,-1,1,0.0080156201095527
-1,-1,-1,-1,1,-0.014088361421855
-1,-1,-1,-1,1,0.0115511414234279
-1,-1,-1,-1,1,0.0314284393244281
-1,-1,-1,-1,1,0.0134047775199363
-1,-1,-1,-1,1,0.0218981363257382
-1,-1,-1,-1,1,-0.0167084842697749
-1,-1,-1,-1,1,-0.0377891602286782
-1,-1,-1,-1,1,0.0031586653807645
-1,-1,-1,-1,1,0.0211785975477159
-1,-1,-1,-1,1,-0.0010954866175762
-1,-1,-1,-1,1,-0.0412337021446526
-1,-1,-1,-1,1,0.008435629223789
-1,-1,-1,-1,1,0.018910471401701
-1,-1,-1,-1,1,0.0007447991012903
-1,-1,-1,-1,1,0.0237739475790626
-1,-1,-1,-1,1,-0.0273582599311306
-1,-1,-1,-1,1,0.0063663672415205
-1,-1,-1,1,-1,-0.0298649397793696
-1,-1,-1,1,-1,-0.0028958316461688
-1,-1,-1,1,-1,-0.0365820781764723
-1,-1,-1,1,-1,-0.0801085413361806
-1,-1,-1,1,-1,-0.0315667857086283
-1,-1,-1,1,-1,-0.0042321037482543
-1,-1,-1,1,-1,0.0124059723565933
-1,-1,-1,1,-1,0.0099914064890258
-1,-1,-1,1,-1,-0.0951536702810497
-1,-1,-1,1,-1,-0.0446584136784537
-1,-1,-1,1,-1,-0.0011857345828253
-1,-1,-1,1,-1,0.0539582432402917
-1,-1,-1,1,-1,-0.0544521154401589
-1,-1,-1,1,-1,-0.1092556294993173
-1,-1,-1,1,-1,-0.0302539716658905
-1,-1,-1,1,-1,-0.0434512262040557
-1,-1,-1,1,-1,0.0316959792552563
-1,-1,-1,1,-1,-0.0530559541733129
-1,-1,-1,1,-1,-0.0896607661972596
-1,-1,-1,1,-1,-0.0107306855377315
-1,-1,-1,1,-1,-0.0109796996255977
-1,-1,-1,1,-1,0.0110857578706952
-1,-1,-1,1,-1,-0.050579347352213
-1,-1,-1,1,-1,-0.1378325862498471
-1,-1,-1,1,-1,-0.0150377566055551
-1,-1,-1,1,-1,-0.0275857669877688
-1,-1,-1,1,-1,-0.0024434244563103
-1,-1,-1,1,-1,0.0062398235316844
-1,-1,-1,1,-1,-0.092115657021362
-1,-1,-1,1,-1,-0.0664134234686392
-1,-1,-1,1,-1,-0.0243053037080852
-1,-1,-1,1,-1,0.0579404695954034
-1,-1,-1,1,-1,-0.0430373363523567
-1,-1,-1,1,-1,-0.0338673227406838
-1,-1,-1,1,-1,-0.0295310929143628
-1,-1,-1,1,-1,-0.0194336817658808
-1,-1,-1,1,-1,0.0208138072867497
-1,-1,-1,1,-1,-0.0364330681569639
-1,-1,-1,1,-1,-0.0596019538527337
-1,-1,-1,1,-1,-0.0122827188587122
-1,-1,-1,1,-1,-0.0086617642621554
-1,-1,-1,1,-1,-0.0060141611849938
-1,-1,-1,1,-1,-0.0479698346885237
-1,-1,-1,1,-1,0.0162640747046064
-1,-1,-1,1,-1,-0.0282842484694984
-1,-1,-1,1,-1,-0.0643667206499346
-1,-1,-1,1,-1,-0.0262305766204705
-1,-1,-1,1,-1,-0.0423351012577922
-1,-1,-1,1,-1,-0.1015394326728393
-1,-1,-1,1,-1,-0.0461817588921842
-1,-1,-1,1,1,0.0215433491212803
-1,-1,-1,1,1,0.0190118561607468
-1,-1,-1,1,1,0.0134090298007831
-1,-1,-1,1,1,-0.0620515907549019
-1,-1,-1,1,1,-0.0043025618854172
-1,-1,-1,1,1,-0.0025649796554186
-1,-1,-1,1,1,0.015055280831353
-1,-1,-1,1,1,0.0057693037652685
-1,-1,-1,1,1,-0.0201417910248953
-1,-1,-1,1,1,-0.0361654712085969
-1,-1,-1,1,1,0.0339552447847926
-1,-1,-1,1,1,0.0738294329412456
-1,-1,-1,1,1,0.020884930795287
-1,-1,-1,1,1,-0.0242637580429098
-1,-1,-1,1,1,-0.0262971037203365
-1,-1,-1,1,1,0.0089071109731228
-1,-1,-1,1,1,0.0366178938055865
-1,-1,-1,1,1,0.0196506409948039
-1,-1,-1,1,1,-0.0216285330032218
-1,-1,-1,1,1,0.0238418013127962
-1,-1,-1,1,1,-0.0170361024784056
-1,-1,-1,1,1,0.0405251094634801
-1,-1,-1,1,1,0.015971470817289
-1,-1,-1,1,1,-0.0217812598226534
-1,-1,-1,1,1,0.0064555807134614
-1,-1,-1,1,1,0.0095510257123089
-1,-1,-1,1,1,0.0150928739471688
-1,-1,-1,1,1,0.003830362640999
-1,-1,-1,1,1,-0.0007132838067577
-1,-1,-1,1,1,0.0208415829079895
-1,-1,-1,1,1,0.0093807571286907
-1,-1,-1,1,1,0.0498487773317124
-1,-1,-1,1,1,-0.0005158034343292
-1,-1,-1,1,1,-0.0218065851579087
-1,-1,-1,1,1,-0.0007167125267471
-1,-1,-1,1,1,0.0306759690467923
-1,-1,-1,1,1,0.0222357562376496
-1,-1,-1,1,1,0.0035182111903131
-1,-1,-1,1,1,-0.0305790237648472
-1,-1,-1,1,1,0.0154981961121235
-1,-1,-1,1,1,0.0336453195445407
-1,-1,-1,1,1,0.0311299360841204
-1,-1,-1,1,1,0.0218347018837135
-1,-1,-1,1,1,-0.022280177473497
-1,-1,-1,1,1,0.0202284651161595
-1,-1,-1,1,1,0.0033683473712817
-1,-1,-1,1,1,0.0176861318422374
-1,-1,-1,1,1,-0.0071846172666485
-1,-1,-1,1,1,-0.0295637992634005
-1,-1,-1,1,1,-0.0301940443706798
-1,-1,0,-1,-1,0.0266303070767634
-1,-1,0,-1,-1,0.0127527226511547
-1,-1,0,-1,-1,-0.0806343154712785
-1,-1,0,-1,-1,-0.0536986309314548
-1,-1,0,-1,-1,-0.0935277325675966
-1,-1,0,-1,-1,0.0035134288093423
-1,-1,0,-1,-1,0.0629738750825877
-1,-1,0,-1,-1,-0.037803503472936
-1,-1,0,-1,-1,-0.0908180796181555
-1,-1,0,-1,-1,0.020576279287573
-1,-1,0,-1,-1,-0.0098374580718197
-1,-1,0,-1,-1,0.0735715439327767
-1,-1,0,-1,-1,-0.001835966058882
-1,-1,0,-1,-1,0.0138421800024443
-1,-1,0,-1,-1,0.0327288782559324
-1,-1,0,-1,-1,-0.0306213981316113
-1,-1,0,-1,-1,-0.0144221406913641
-1,-1,0,-1,-1,-0.0561785681176517
-1,-1,0,-1,-1,-0.0304871146241403
-1,-1,0,-1,-1,-0.0219924900867563
-1,-1,0,-1,-1,-0.0806624490698551
-1,-1,0,-1,-1,-0.0173687817460243
-1,-1,0,-1,-1,-0.0176793015274468
-1,-1,0,-1,-1,-0.1148001998241688
-1,-1,0,-1,-1,-0.0154506149605139
-1,-1,0,-1,-1,-0.0464414018351314
-1,-1,0,-1,-1,0.0021813486020393
-1,-1,0,-1,-1,-0.1143738800158797
-1,-1,0,-1,-1,-0.0219861181745158
-1,-1,0,-1,-1,0.0170520867719077
-1,-1,0,-1,-1,-0.0353321155392349
-1,-1,0,-1,-1,0.0388607667365224
-1,-1,0,-1,-1,-0.066985347512015
-1,-1,0,-1,-1,0.0001492304450143
-1,-1,0,-1,-1,-0.0310251444385526
-1,-1,0,-1,-1,-0.0099777564061173
-1,-1,0,-1,-1,0.0178861884040309
-1,-1,0,-1,-1,-0.0594517718998202
-1,-1,0,-1,-1,-0.1312607904845717
-1,-1,0,-1,-1,-0.0389928419624889
-1,-1,0,-1,-1,-0.0073092736234867
-1,-1,0,-1,-1,0.0115003189178095
-1,-1,0,-1,-1,-0.0218786042689605
-1,-1,0,-1,-1,-0.0909096415522118
-1,-1,0,-1,-1,-0.0091809661121587
-1,-1,0,-1,-1,-0.0431835335599199
-1,-1,0,-1,-1,0.0401717016994097
-1,-1,0,-1,-1,-0.0160270834861184
-1,-1,0,-1,-1,-0.1054511208870672
-1,-1,0,-1,-1,0.0209930094676988
-1,-1,0,-1,1,-0.0076784061484216
-1,-1,0,-1,1,0.1208485610051674
-1,-1,0,-1,1,0.0374412778828035
-1,-1,0,-1,1,0.0559617156930731
-1,-1,0,-1,1,-0.0202124423429443
-1,-1,0,-1,1,0.0044833929988632
-1,-1,0,-1,1,0.0700534491925611
-1,-1,0,-1,1,0.0287404296062644
-1,-1,0,-1,1,0.0490590928141279
-1,-1,0,-1,1,0.0527125874349664
-1,-1,0,-1,1,0.0040437162986736
-1,-1,0,-1,1,0.0417111701219318
-1,-1,0,-1,1,0.0521891598784805
-1,-1,0,-1,1,0.0533579366809356
-1,-1,0,-1,1,-0.0296679994439326
-1,-1,0,-1,1,-0.0087134321203445
-1,-1,0,-1,1,0.0984870694108233
-1,-1,0,-1,1,0.0820355004996478
-1,-1,0,-1,1,0.0229194984197116
-1,-1,0,-1,1,0.0481344488160528
-1,-1,0,-1,1,-0.001102938081457
-1,-1,0,-1,1,0.053289829959053
-1,-1,0,-1,1,0.0411236353571588
-1,-1,0,-1,1,0.0334300983978021
-1,-1,0,-1,1,0.0492203558665786
-1,-1,0,-1,1,0.0237998381771274
-1,-1,0,-1,1,0.0768393867691055
-1,-1,0,-1,1,0.0608835291561769
-1,-1,0,-1,1,0.045502378524211
-1,-1,0,-1,1,0.0501706007846109
-1,-1,0,-1,1,-0.0316547257815531
-1,-1,0,-1,1,0.0863364488479715
-1,-1,0,-1,1,0.0766869548081871
-1,-1,0,-1,1,0.0774685339715218
-1,-1,0,-1,1,0.0526068761222042
-1,-1,0,-1,1,-0.0137894053293191
-1,-1,0,-1,1,0.0583853505102354
-1,-1,0,-1,1,0.0469381062397422
-1,-1,0,-1,1,0.0170916609958539
-1,-1,0,-1,1,0.0518477290162933
-1,-1,0,-1,1,-0.0174038271850534
-1,-1,0,-1,1,0.1138624120794563
-1,-1,0,-1,1,0.0526524566717054
-1,-1,0,-1,1,0.0245738821354713
-1,-1,0,-1,1,0.0091002459662807
-1,-1,0,-1,1,-0.0148541731356291
-1,-1,0,-1,1,0.0956520420913838
-1,-1,0,-1,1,0.0398093209696113
-1,-1,0,-1,1,0.0092450204193336
-1,-1,0,-1,1,-0.0055275312556128
-1,-1,0,1,-1,-0.051713860588591
-1,-1,0,1,-1,0.0677287317935633
-1,-1,0,1,-1,-0.0506087289479666
-1,-1,0,1,-1,-0.1092518727384811
-1,-1,0,1,-1,-0.0192768707918844
-1,-1,0,1,-1,-0.0418717149460679
-1,-1,0,1,-1,0.0026695676366782
-1,-1,0,1,-1,-0.026112706171134
-1,-1,0,1,-1,-0.0980828621623473
-1,-1,0,1,-1,-0.0765865144647243
-1,-1,0,1,-1,-0.0628583353225028
-1,-1,0,1,-1,0.022765006014241
-1,-1,0,1,-1,-0.0340354233121255
-1,-1,0,1,-1,-0.1361507124121882
-1,-1,0,1,-1,-0.017578045729076
-1,-1,0,1,-1,-0.0648286412983958
-1,-1,0,1,-1,-0.0056568340649986
-1,-1,0,1,-1,-0.0766402652102198
-1,-1,0,1,-1,-0.132249941319908
-1,-1,0,1,-1,0.0311503073406872
-1,-1,0,1,-1,-0.0931267190559053
-1,-1,0,1,-1,0.0436005066999599
-1,-1,0,1,-1,-0.0688517849728077
-1,-1,0,1,-1,-0.0885255643855223
-1,-1,0,1,-1,-0.0790196468420157
-1,-1,0,1,-1,-0.0222353225367375
-1,-1,0,1,-1,0.0088891409069194
-1,-1,0,1,-1,-0.0160518619916125
-1,-1,0,1,-1,-0.0070934602754716
-1,-1,0,1,-1,-0.0467630751569056
-1,-1,0,1,-1,-0.0178321715260626
-1,-1,0,1,-1,0.0455217106312461
-1,-1,0,1,-1,-0.0510080769891184
-1,-1,0,1,-1,-0.0163323747082267
-1,-1,0,1,-1,-0.042497995755318
-1,-1,0,1,-1,-0.0073270753991072
-1,-1,0,1,-1,-0.0215231194472764
-1,-1,0,1,-1,-0.0110125895468354
-1,-1,0,1,-1,-0.0317347431597028
-1,-1,0,1,-1,-0.0560202953046008
-1,-1,0,1,-1,-0.051239244390274
-1,-1,0,1,-1,0.0703561653659046
-1,-1,0,1,-1,-0.0681867317630288
-1,-1,0,1,-1,-0.0410166219165575
-1,-1,0,1,-1,0.0085201898128029
-1,-1,0,1,-1,-0.063833913876959
-1,-1,0,1,-1,0.0823112019661151
-1,-1,0,1,-1,-0.07479519226137
-1,-1,0,1,-1,-0.0352177993504975
-1,-1,0,1,-1,-0.0318969731377925
-1,-1,0,1,1,-0.011534883964298
-1,-1,0,1,1,0.1235612444598675
-1,-1,0,1,1,0.0546600894846132
-1,-1,0,1,1,0.0832283565066993
-1,-1,0,1,1,0.0090925054930002
-1,-1,0,1,1,-0.0340700487945435
-1,-1,0,1,1,0.0234765432638658
-1,-1,0,1,1,0.0469758244783866
-1,-1,0,1,1,0.0873700282382496
-1,-1,0,1,1,0.0533537927482051
-1,-1,0,1,1,-0.011546691517907
-1,-1,0,1,1,0.1037462644746421
-1,-1,0,1,1,0.0485206678646815
-1,-1,0,1,1,0.0592065117969244
-1,-1,0,1,1,-0.042415981517485
-1,-1,0,1,1,-0.0561694917067032
-1,-1,0,1,1,0.1205743644948012
-1,-1,0,1,1,0.029530267115153
-1,-1,0,1,1,0.0700242898790439
-1,-1,0,1,1,0.039688216151281
-1,-1,0,1,1,-0.0295429100984576
-1,-1,0,1,1,0.099557892287498
-1,-1,0,1,1,0.0570373160253762
-1,-1,0,1,1,0.037763795311607
-1,-1,0,1,1,0.0243684292749578
-1,-1,0,1,1,0.0266715060246223
-1,-1,0,1,1,0.1217490050338651
-1,-1,0,1,1,0.0393458170829325
-1,-1,0,1,1,0.0678588901532355
-1,-1,0,1,1,0.0504582341236237
-1,-1,0,1,1,-0.0536849832936115
-1,-1,0,1,1,0.0667573586764896
-1,-1,0,1,1,0.0116931009197291
-1,-1,0,1,1,0.0355620075394117
-1,-1,0,1,1,-0.0364057699735956
-1,-1,0,1,1,-0.0507637096787304
-1,-1,0,1,1,0.1142402171640536
-1,-1,0,1,1,0.0212978045088711
-1,-1,0,1,1,0.0154847861633524
-1,-1,0,1,1,-0.0285443419329215
-1,-1,0,1,1,-0.0274217301071671
-1,-1,0,1,1,0.0854043848467489
-1,-1,0,1,1,0.0281927690049121
-1,-1,0,1,1,-0.0209641412558484
-1,-1,0,1,1,0.0225566662498058
-1,-1,0,1,1,-0.0183112264317607
-1,-1,0,1,1,0.1250983298222367
-1,-1,0,1,1,0.0499062822930011
-1,-1,0,1,1,0.0697512356206085
-1,-1,0,1,1,0.0492076751791815
-1,-1,1,-1,-1,-0.0608563015445339
-1,-1,1,-1,-1,0.0243181373719281
-1,-1,1,-1,-1,-0.0025507225359212
-1,-1,1,-1,-1,-0.069882443429795
-1,-1,1,-1,-1,0.0274427570570703
-1,-1,1,-1,-1,-0.0096248774973181
-1,-1,1,-1,-1,-0.0149204378909322
-1,-1,1,-1,-1,-0.001862244968391
-1,-1,1,-1,-1,-0.0664477410965424
-1,-1,1,-1,-1,-0.0463111926122262
-1,-1,1,-1,-1,0.0274822025726001
-1,-1,1,-1,-1,-0.0336195926099004
-1,-1,1,-1,-1,-0.0144734007634625
-1,-1,1,-1,-1,0.010309807228223
-1,-1,1,-1,-1,-0.0007764554289164
-1,-1,1,-1,-1,-0.1182001983072985
-1,-1,1,-1,-1,-0.0147682451267738
-1,-1,1,-1,-1,-0.0381842081579267
-1,-1,1,-1,-1,-0.0621445492430309
-1,-1,1,-1,-1,-0.0048883450483745
-1,-1,1,-1,-1,-0.0556735599239286
-1,-1,1,-1,-1,-0.0123307679036693
-1,-1,1,-1,-1,-0.1080854581392462
-1,-1,1,-1,-1,0.0028854363998308
-1,-1,1,-1,-1,0.0167920592584718
-1,-1,1,-1,-1,-3.849770057213695e-05
-1,-1,1,-1,-1,-0.0360355013290497
-1,-1,1,-1,-1,-0.0698562405407533
-1,-1,1,-1,-1,-0.0357386550547884
-1,-1,1,-1,-1,-0.0337140448635564
-1,-1,1,-1,-1,-0.0064628317728912
-1,-1,1,-1,-1,-0.0054313418889386
-1,-1,1,-1,-1,-0.0536500627290211
-1,-1,1,-1,-1,0.0081974247121599
-1,-1,1,-1,-1,-0.0196977584737611
-1,-1,1,-1,-1,-0.0140794717131232
-1,-1,1,-1,-1,0.0527535993554666
-1,-1,1,-1,-1,-0.0606266332278413
-1,-1,1,-1,-1,-0.1064418308984336
-1,-1,1,-1,-1,-0.0303109367503518
-1,-1,1,-1,-1,-0.0404275645148291
-1,-1,1,-1,-1,-0.0019251254493087
-1,-1,1,-1,-1,0.0166595856701181
-1,-1,1,-1,-1,-0.0556449063343734
-1,-1,1,-1,-1,-0.0387771526603027
-1,-1,1,-1,-1,-0.0132731450544666
-1,-1,1,-1,-1,-0.0283778884147692
-1,-1,1,-1,-1,-0.0241570206051096
-1,-1,1,-1,-1,-0.0411306723450723
-1,-1,1,-1,-1,-0.0342344722972265
-1,-1,1,-1,1,-0.0244433167044868
-1,-1,1,-1,1,0.0506754187955212
-1,-1,1,-1,1,0.0506083057973182
-1,-1,1,-1,1,0.0568055538066046
-1,-1,1,-1,1,-0.0250469535712967
-1,-1,1,-1,1,-0.0533673925996177
-1,-1,1,-1,1,0.0967806928970869
-1,-1,1,-1,1,0.0492259559947902
-1,-1,1,-1,1,0.0343325459056021
-1,-1,1,-1,1,-0.0141575619796919
-1,-1,1,-1,1,-0.0127079298653637
-1,-1,1,-1,1,0.0167720379799693
-1,-1,1,-1,1,0.0438004386849037
-1,-1,1,-1,1,0.0641357735592078
-1,-1,1,-1,1,0.0183376803298931
-1,-1,1,-1,1,-0.0183759132017411
-1,-1,1,-1,1,0.017649607448775
-1,-1,1,-1,1,0.075473494961189
-1,-1,1,-1,1,0.0553805410739401
-1,-1,1,-1,1,-0.0281391553153794
-1,-1,1,-1,1,-0.0237667151471161
-1,-1,1,-1,1,0.1083420279526178
-1,-1,1,-1,1,0.0487392862539878
-1,-1,1,-1,1,0.0226122732579437
-1,-1,1,-1,1,-0.0173758218425154
-1,-1,1,-1,1,-0.0269938659295198
-1,-1,1,-1,1,0.1456610437126977
-1,-1,1,-1,1,0.056032414199191
-1,-1,1,-1,1,0.0703969346213412
-1,-1,1,-1,1,-0.0210768729906251
-1,-1,1,-1,1,-0.0507029745924946
-1,-1,1,-1,1,0.0983593072050157
-1,-1,1,-1,1,0.0328973974425817
-1,-1,1,-1,1,-0.011953889731489
-1,-1,1,-1,1,-0.0097744226860013
-1,-1,1,-1,1,-0.0229857393472529
-1,-1,1,-1,1,0.025893582365959
-1,-1,1,-1,1,0.0331830567579095
-1,-1,1,-1,1,-0.0326853351479608
-1,-1,1,-1,1,-0.0134498103423539
-1,-1,1,-1,1,-0.0578158456026349
-1,-1,1,-1,1,0.1184084807266734
-1,-1,1,-1,1,0.0733448920451356
-1,-1,1,-1,1,0.0545333656783436
-1,-1,1,-1,1,0.0199821596014039
-1,-1,1,-1,1,-0.0176924766683266
-1,-1,1,-1,1,0.0530986244044883
-1,-1,1,-1,1,0.0415603472334732
-1,-1,1,-1,1,0.0479151106974716
-1,-1,1,-1,1,0.0065791993394664
-1,-1,1,1,-1,-0.0265974699336544
-1,-1,1,1,-1,-0.0339043236310178
-1,-1,1,1,-1,-0.0143049896119176
-1,-1,1,1,-1,-0.0899821320986777
-1,-1,1,1,-1,-0.0422510150721236
-1,-1,1,1,-1,-0.030041722308157
-1,-1,1,1,-1,-0.0199297108087335
-1,-1,1,1,-1,-0.0067200351915436
-1,-1,1,1,-1,-0.0085190332787578
-1,-1,1,1,-1,-0.0574526966504183
-1,-1,1,1,-1,-0.1041655507802084
-1,-1,1,1,-1,-0.0340243512835887
-1,-1,1,1,-1,-0.1110170722138098
-1,-1,1,1,-1,-0.1378469785399639
-1,-1,1,1,-1,-0.0505031944349069
-1,-1,1,1,-1,-0.0497115673668312
-1,-1,1,1,-1,-0.0370221722120657
-1,-1,1,1,-1,-0.0337586663842177
-1,-1,1,1,-1,-0.0148506470029966
-1,-1,1,1,-1,-0.0008710106335002
-1,-1,1,1,-1,-0.0781176195552387
-1,-1,1,1,-1,-0.0017791699369726
-1,-1,1,1,-1,-0.1029069820515438
-1,-1,1,1,-1,-0.024538596538021
-1,-1,1,1,-1,-0.0156370276356498
-1,-1,1,1,-1,-0.0251923572915409
-1,-1,1,1,-1,-0.0385071593079342
-1,-1,1,1,-1,0.0018348506000187
-1,-1,1,1,-1,-0.0524799192611358
-1,-1,1,1,-1,-0.0036564368518153
-1,-1,1,1,-1,-0.0329642725543327
-1,-1,1,1,-1,-0.0172591012023063
-1,-1,1,1,-1,-0.0687035192718535
-1,-1,1,1,-1,-0.0889314568463526
-1,-1,1,1,-1,-0.0462607828156416
-1,-1,1,1,-1,-0.0815523632833522
-1,-1,1,1,-1,0.0081925323860368
-1,-1,1,1,-1,-0.1080767779735902
-1,-1,1,1,-1,-0.0901638340452661
-1,-1,1,1,-1,-0.0619815000082134
-1,-1,1,1,-1,-0.0946010017510039
-1,-1,1,1,-1,0.0325599701976407
-1,-1,1,1,-1,-0.0408591038637956
-1,-1,1,1,-1,-0.086751769425218
-1,-1,1,1,-1,-0.1075264119080798
-1,-1,1,1,-1,-0.097191970480799
-1,-1,1,1,-1,-0.0195927386274515
-1,-1,1,1,-1,-0.0392445326664137
-1,-1,1,1,-1,-0.0511268660570015
-1,-1,1,1,-1,0.0197696147274189
-1,-1,1,1,1,-0.0279891587670353
-1,-1,1,1,1,0.0671765992612754
-1,-1,1,1,1,0.0619452585173215
-1,-1,1,1,1,0.0691101082006237
-1,-1,1,1,1,0.0044477525834729
-1,-1,1,1,1,-0.0303869214207983
-1,-1,1,1,1,0.1049242855649681
-1,-1,1,1,1,0.0760940542606349
-1,-1,1,1,1,0.065782228481749
-1,-1,1,1,1,-0.0049095043145557
-1,-1,1,1,1,-0.0353069822042612
-1,-1,1,1,1,0.0487155889095939
-1,-1,1,1,1,0.0760493741815176
-1,-1,1,1,1,0.0338577837944009
-1,-1,1,1,1,-0.0281635163448314
-1,-1,1,1,1,-0.055790251522653
-1,-1,1,1,1,0.1109651327593733
-1,-1,1,1,1,0.0536528578316303
-1,-1,1,1,1,-0.0365884717164197
-1,-1,1,1,1,-0.0259396647693259
-1,-1,1,1,1,-0.0258295856072581
-1,-1,1,1,1,0.0444249128810938
-1,-1,1,1,1,0.0358904631437073
-1,-1,1,1,1,0.0929571664966721
-1,-1,1,1,1,-0.0034374086433951
-1,-1,1,1,1,-0.0791188649301838
-1,-1,1,1,1,0.1179426309098794
-1,-1,1,1,1,0.0494338372689936
-1,-1,1,1,1,-0.0331286972743506
-1,-1,1,1,1,-0.0240786258600464
-1,-1,1,1,1,-0.0052991164873831
-1,-1,1,1,1,0.0471587917136405
-1,-1,1,1,1,0.0422724460590841
-1,-1,1,1,1,0.0489003827160714
-1,-1,1,1,1,-0.0227091317619089
-1,-1,1,1,1,-0.0571698073316089
-1,-1,1,1,1,0.0851640263246388
-1,-1,1,1,1,0.0816880342031336
-1,-1,1,1,1,0.0627622672945314
-1,-1,1,1,1,-0.0310311167709864
-1,-1,1,1,1,-0.0543169364865627
-1,-1,1,1,1,0.0686914536435616
-1,-1,1,1,1,0.0491109266594762
-1,-1,1,1,1,-0.0293128756881873
-1,-1,1,1,1,-0.0323731378400456
-1,-1,1,1,1,-0.0473102500452008
-1,-1,1,1,1,0.0484274936853241
-1,-1,1,1,1,0.0605694777601064
-1,-1,1,1,1,0.0228154268526348
-1,-1,1,1,1,0.0197727056974178
-1,1,-1,-1,-1,0.0044080846437129
-1,1,-1,-1,-1,0.0038348122931167
-1,1,-1,-1,-1,0.0066377637231699
-1,1,-1,-1,-1,-0.0345585009097215
-1,1,-1,-1,-1,-9.705555425948776e-05
-1,1,-1,-1,-1,-0.0129721693320602
-1,1,-1,-1,-1,0.0034066879266301
-1,1,-1,-1,-1,0.0144812760672328
-1,1,-1,-1,-1,-0.0247976512330796
-1,1,-1,-1,-1,-0.0246916505919496
-1,1,-1,-1,-1,0.0046516501572319
-1,1,-1,-1,-1,0.0254972534957895
-1,1,-1,-1,-1,0.0207476082289263
-1,1,-1,-1,-1,-0.0251591740724908
-1,1,-1,-1,-1,0.0099945349680134
-1,1,-1,-1,-1,0.0354663670187871
-1,1,-1,-1,-1,0.024461900100813
-1,1,-1,-1,-1,0.0204200318902686
-1,1,-1,-1,-1,-0.0127981312145693
-1,1,-1,-1,-1,0.0053916532489845
-1,1,-1,-1,-1,-0.0153411092377107
-1,1,-1,-1,-1,0.0300958380560748
-1,1,-1,-1,-1,0.0155423748728166
-1,1,-1,-1,-1,-0.0259151002362778
-1,1,-1,-1,-1,-0.0093124330354842
-1,1,-1,-1,-1,-0.0031340783039349
-1,1,-1,-1,-1,0.0125198102601207
-1,1,-1,-1,-1,0.0257863781730512
-1,1,-1,-1,-1,-0.0286342440938186
-1,1,-1,-1,-1,-0.0310551685102617
-1,1,-1,-1,-1,-0.0020902305180767
-1,1,-1,-1,-1,0.0190051905108684
-1,1,-1,-1,-1,0.0108056127878601
-1,1,-1,-1,-1,-0.0269991093236689
-1,1,-1,-1,-1,-0.0025580396400952
-1,1,-1,-1,-1,-0.0009100640047696
-1,1,-1,-1,-1,0.0102064623106094
-1,1,-1,-1,-1,0.0202791819411832
-1,1,-1,-1,-1,-0.0300810549027523
-1,1,-1,-1,-1,-0.0089720400568897
-1,1,-1,-1,-1,-0.004188103813922
-1,1,-1,-1,-1,0.0026910441583745
-1,1,-1,-1,-1,-0.0059137227641818
-1,1,-1,-1,-1,-0.0190104951616646
-1,1,-1,-1,-1,0.0421236725879139
-1,1,-1,-1,-1,0.0027367308939557
-1,1,-1,-1,-1,-0.0082643831866064
-1,1,-1,-1,-1,0.0204112134777189
-1,1,-1,-1,-1,-0.0012790887626196
-1,1,-1,-1,-1,-0.031436666135288
-1,1,-1,-1,1,0.0102901278375236
-1,1,-1,-1,1,0.0318106097303812
-1,1,-1,-1,1,0.0219963627507732
-1,1,-1,-1,1,-0.0218439652416089
-1,1,-1,-1,1,-0.0072419244889652
-1,1,-1,-1,1,0.0355358567419949
-1,1,-1,-1,1,0.002415642719734
-1,1,-1,-1,1,0.0193155972967282
-1,1,-1,-1,1,-0.0209851750054135
-1,1,-1,-1,1,0.0054526434008347
-1,1,-1,-1,1,0.0077237993146476
-1,1,-1,-1,1,-0.0025145253359689
-1,1,-1,-1,1,0.0202392003485512
-1,1,-1,-1,1,-0.0340375804836917
-1,1,-1,-1,1,-0.0122329149904816
-1,1,-1,-1,1,0.0015226374786709
-1,1,-1,-1,1,0.0260777288791837
-1,1,-1,-1,1,0.0205362205953176
-1,1,-1,-1,1,-0.0143724640895604
-1,1,-1,-1,1,0.0003697717688089
-1,1,-1,-1,1,0.0174875114101917
-1,1,-1,-1,1,-0.000234151267932
-1,1,-1,-1,1,0.0213604259914902
-1,1,-1,-1,1,-0.0035709055657719
-1,1,-1,-1,1,0.0044963439692502
-1,1,-1,-1,1,0.0222282561632483
-1,1,-1,-1,1,-0.0136225325021936
-1,1,-1,-1,1,-0.0010018879548669
-1,1,-1,-1,1,-0.0287955280144494
-1,1,-1,-1,1,0.0045596053027783
-1,1,-1,-1,1,0.0214411924281013
-1,1,-1,-1,1,-0.0061708117931062
-1,1,-1,-1,1,0.0216835063189171
-1,1,-1,-1,1,-0.0379667821469649
-1,1,-1,-1,1,-0.0232222254819065
-1,1,-1,-1,1,0.0076621189300744
-1,1,-1,-1,1,-0.0103615316997045
-1,1,-1,-1,1,0.023402143427493
-1,1,-1,-1,1,-0.0009813661512285
-1,1,-1,-1,1,0.0108761395640444
-1,1,-1,-1,1,0.0061830172613965
-1,1,-1,-1,1,-0.0028850154080746
-1,1,-1,-1,1,0.0227237106169641
-1,1,-1,-1,1,-0.0425863513435745
-1,1,-1,-1,1,-0.0114009380762903
-1,1,-1,-1,1,0.0027944599936031
-1,1,-1,-1,1,0.0101102700849554
-1,1,-1,-1,1,-0.0076980544974153
-1,1,-1,-1,1,-0.0349319115282623
-1,1,-1,-1,1,-0.0043524567853694
-1,1,-1,1,-1,0.0223218086403117
-1,1,-1,1,-1,0.0258016627542039
-1,1,-1,1,-1,0.0138056627805737
-1,1,-1,1,-1,-0.0051858399952119
-1,1,-1,1,-1,-0.0139179560046883
-1,1,-1,1,-1,0.0011598117852203
-1,1,-1,1,-1,0.0037754152418957
-1,1,-1,1,-1,0.0143363206499788
-1,1,-1,1,-1,-0.0331587334870023
-1,1,-1,1,-1,-0.0248483176287652
-1,1,-1,1,-1,-0.0060644869600206
-1,1,-1,1,-1,0.0386948624155097
-1,1,-1,1,-1,0.0155354530714945
-1,1,-1,1,-1,-0.0214704159298374
-1,1,-1,1,-1,-0.0139206221021535
-1,1,-1,1,-1,0.0188610845087775
-1,1,-1,1,-1,0.0231528862236691
-1,1,-1,1,-1,0.0176480580768236
-1,1,-1,1,-1,-0.026733458987591
-1,1,-1,1,-1,0.0002815025759036
-1,1,-1,1,-1,-0.0106034372802614
-1,1,-1,1,-1,0.0225152026042202
-1,1,-1,1,-1,0.0469948963562314
-1,1,-1,1,-1,-0.0221639571145637
-1,1,-1,1,-1,-0.0080485809388279
-1,1,-1,1,-1,-0.0005162511013228
-1,1,-1,1,-1,-0.0054563433645005
-1,1,-1,1,-1,0.0224717312713864
-1,1,-1,1,-1,-0.0126781246507803
-1,1,-1,1,-1,0.0025658742310101
-1,1,-1,1,-1,0.024179297618811
-1,1,-1,1,-1,0.0413096715532092
-1,1,-1,1,-1,0.0251682890633728
-1,1,-1,1,-1,-0.0138978003640889
-1,1,-1,1,-1,-0.0125427953728128
-1,1,-1,1,-1,0.0411977161665016
-1,1,-1,1,-1,0.0323337722578893
-1,1,-1,1,-1,0.0028627535321987
-1,1,-1,1,-1,-0.0376925530242248
-1,1,-1,1,-1,-0.0041530254304914
-1,1,-1,1,-1,0.011774332379408
-1,1,-1,1,-1,0.0505297606496756
-1,1,-1,1,-1,0.0328736840997498
-1,1,-1,1,-1,-0.0237680048436557
-1,1,-1,1,-1,-0.0052009280588774
-1,1,-1,1,-1,0.0154494510438753
-1,1,-1,1,-1,0.0576729396433161
-1,1,-1,1,-1,0.0136956992755833
-1,1,-1,1,-1,-0.0176309998453628
-1,1,-1,1,-1,-0.0076156918984639
-1,1,-1,1,1,-0.0058085528744275
-1,1,-1,1,1,0.0432289528653594
-1,1,-1,1,1,0.0257179544326378
-1,1,-1,1,1,-0.0209724073345209
-1,1,-1,1,1,0.0114826229770788
-1,1,-1,1,1,0.0231276202924145
-1,1,-1,1,1,0.0567667431604859
-1,1,-1,1,1,0.0206591980818382
-1,1,-1,1,1,-0.0265291433438018
-1,1,-1,1,1,-0.0086464798095384
-1,1,-1,1,1,0.0056450681404273
-1,1,-1,1,1,0.0330683179828454
-1,1,-1,1,1,0.0175545688130332
-1,1,-1,1,1,-0.0104957836352541
-1,1,-1,1,1,-0.0182780323987803
-1,1,-1,1,1,-0.0018080734951272
-1,1,-1,1,1,0.0119314581394673
-1,1,-1,1,1,0.0434959872342902
-1,1,-1,1,1,-0.0290233724879235
-1,1,-1,1,1,0.0018522803707267
-1,1,-1,1,1,0.0350579766585504
-1,1,-1,1,1,0.0430265275110982
-1,1,-1,1,1,0.0280220877528566
-1,1,-1,1,1,-0.0016334955584404
-1,1,-1,1,1,0.0144901532815302
-1,1,-1,1,1,0.0186454270459876
-1,1,-1,1,1,0.0536974869399624
-1,1,-1,1,1,0.0275781166982343
-1,1,-1,1,1,-0.0195603070821144
-1,1,-1,1,1,0.0239457764217731
-1,1,-1,1,1,0.0189981964114015
-1,1,-1,1,1,0.0448306779692627
-1,1,-1,1,1,0.0126130174576074
-1,1,-1,1,1,-0.0402958091090074
-1,1,-1,1,1,-0.012753990552432
-1,1,-1,1,1,0.0136752056901621
-1,1,-1,1,1,0.0167458840981087
-1,1,-1,1,1,0.0502905746492457
-1,1,-1,1,1,-0.0358826918715684
-1,1,-1,1,1,-0.0014693343061643
-1,1,-1,1,1,0.0211176995104004
-1,1,-1,1,1,0.0368866656567922
-1,1,-1,1,1,0.0236744145387246
-1,1,-1,1,1,-0.0189294250525334
-1,1,-1,1,1,0.0033328597333124
-1,1,-1,1,1,0.0225579830572245
-1,1,-1,1,1,0.051929083233048
-1,1,-1,1,1,0.0395105874267628
-1,1,-1,1,1,-0.038862332196344
-1,1,-1,1,1,-0.0088489431054562
-1,1,0,-1,-1,0.0031216689524692
-1,1,0,-1,-1,0.0999642677986499
-1,1,0,-1,-1,0.0263798350849946
-1,1,0,-1,-1,0.0242722986193737
-1,1,0,-1,-1,0.032051298284057
-1,1,0,-1,-1,-0.0325476199491487
-1,1,0,-1,-1,0.0403605943258719
-1,1,0,-1,-1,0.0429411766205731
-1,1,0,-1,-1,0.0450613233025559
-1,1,0,-1,-1,0.0104213214002733
-1,1,0,-1,-1,-0.0147967481350257
-1,1,0,-1,-1,0.0505011971635726
-1,1,0,-1,-1,0.0377905807613254
-1,1,0,-1,-1,0.077366649778465
-1,1,0,-1,-1,0.021251295561145
-1,1,0,-1,-1,-0.0417528939215231
-1,1,0,-1,-1,0.0310209465552571
-1,1,0,-1,-1,0.0109349452752744
-1,1,0,-1,-1,-0.0080422686084366
-1,1,0,-1,-1,0.0010730816281147
-1,1,0,-1,-1,-0.0072898856515519
-1,1,0,-1,-1,0.0189345937674287
-1,1,0,-1,-1,0.0435536197856297
-1,1,0,-1,-1,0.0495394676659728
-1,1,0,-1,-1,0.0113885191244542
-1,1,0,-1,-1,0.0302796118221654
-1,1,0,-1,-1,0.0533292212856326
-1,1,0,-1,-1,0.0269906383565205
-1,1,0,-1,-1,-0.0058592629638027
-1,1,0,-1,-1,0.02915553822545
-1,1,0,-1,-1,0.0097285808006746
-1,1,0,-1,-1,0.0283653974698777
-1,1,0,-1,-1,0.0330370617550753
-1,1,0,-1,-1,0.067845352875749
-1,1,0,-1,-1,-0.0253368097172139
-1,1,0,-1,-1,0.0112367222400485
-1,1,0,-1,-1,0.0306108884008314
-1,1,0,-1,-1,0.0318493451121124
-1,1,0,-1,-1,-0.0140990224963251
-1,1,0,-1,-1,0.002737627303533
-1,1,0,-1,-1,0.0311951185117731
-1,1,0,-1,-1,0.0660502774743385
-1,1,0,-1,-1,0.0459205056466588
-1,1,0,-1,-1,0.0324828846491306
-1,1,0,-1,-1,9.776198306998452e-05
-1,1,0,-1,-1,-0.0068887721233007
-1,1,0,-1,-1,0.0574438002384701
-1,1,0,-1,-1,0.0233777104212422
-1,1,0,-1,-1,-0.0007260837039278
-1,1,0,-1,-1,0.0298020550069306
-1,1,0,-1,1,0.0298541085046979
-1,1,0,-1,1,0.0233917146250444
-1,1,0,-1,1,0.0303489480205536
-1,1,0,-1,1,0.0533503210837334
-1,1,0,-1,1,0.0147165392574833
-1,1,0,-1,1,-0.0036085304491297
-1,1,0,-1,1,0.0393389675968052
-1,1,0,-1,1,0.0239944208471643
-1,1,0,-1,1,0.0507848884435972
-1,1,0,-1,1,0.0082207580896559
-1,1,0,-1,1,0.0346325179927865
-1,1,0,-1,1,0.0903093097804975
-1,1,0,-1,1,0.0375656103277068
-1,1,0,-1,1,0.0660844694284996
-1,1,0,-1,1,0.0338291144610802
-1,1,0,-1,1,-0.0088722353109146
-1,1,0,-1,1,0.0297388263302963
-1,1,0,-1,1,0.0337141534305348
-1,1,0,-1,1,-0.0157043258697319
-1,1,0,-1,1,-0.0410415212129658
-1,1,0,-1,1,0.0103265155093329
-1,1,0,-1,1,0.0987631293338288
-1,1,0,-1,1,0.037782140814445
-1,1,0,-1,1,0.0770717086403381
-1,1,0,-1,1,0.0434171117812606
-1,1,0,-1,1,0.0210059054494444
-1,1,0,-1,1,0.0115214230029853
-1,1,0,-1,1,0.049587903429088
-1,1,0,-1,1,-0.0316803551139765
-1,1,0,-1,1,-0.0230156410067828
-1,1,0,-1,1,0.0159033746333698
-1,1,0,-1,1,0.0984654162321316
-1,1,0,-1,1,0.0515098954560459
-1,1,0,-1,1,0.0063867927892473
-1,1,0,-1,1,0.0054040945958623
-1,1,0,-1,1,-0.0261874895966635
-1,1,0,-1,1,0.0401578596380381
-1,1,0,-1,1,0.0422730332174201
-1,1,0,-1,1,0.0540182570951592
-1,1,0,-1,1,0.0069677604711682
-1,1,0,-1,1,0.0268771132617608
-1,1,0,-1,1,0.0179813126940359
-1,1,0,-1,1,0.032599431983175
-1,1,0,-1,1,0.0649917813480752
-1,1,0,-1,1,-0.0005034212150154
-1,1,0,-1,1,-0.0108990770754426
-1,1,0,-1,1,0.0359212473401223
-1,1,0,-1,1,0.027580599249446
-1,1,0,-1,1,-0.0046037091477264
-1,1,0,-1,1,-0.0209394927105517
-1,1,0,1,-1,-0.0513329789330244
-1,1,0,1,-1,0.0448607479514995
-1,1,0,1,-1,0.0262933263326346
-1,1,0,1,-1,0.0509461220486719
-1,1,0,1,-1,-0.0653847519443064
-1,1,0,1,-1,0.0230230759629649
-1,1,0,1,-1,0.046709633381916
-1,1,0,1,-1,0.0297773144814237
-1,1,0,1,-1,0.0753349640984463
-1,1,0,1,-1,-0.0324268323470789
-1,1,0,1,-1,0.0161460451106415
-1,1,0,1,-1,0.0747478908600545
-1,1,0,1,-1,0.023553475017704
-1,1,0,1,-1,0.0626345171058647
-1,1,0,1,-1,0.0173244833956936
-1,1,0,1,-1,-0.0414980726292627
-1,1,0,1,-1,0.1243654015528834
-1,1,0,1,-1,0.0258944332804475
-1,1,0,1,-1,0.0241665424306689
-1,1,0,1,-1,-0.0215675776017411
-1,1,0,1,-1,0.0626294608942794
-1,1,0,1,-1,0.078344038593325
-1,1,0,1,-1,0.014545171587945
-1,1,0,1,-1,0.0597913637640594
-1,1,0,1,-1,-0.0379568703840292
-1,1,0,1,-1,0.023191059087681
-1,1,0,1,-1,0.1081517701879384
-1,1,0,1,-1,0.0136683527451997
-1,1,0,1,-1,0.0783570481114627
-1,1,0,1,-1,0.0213413448325322
-1,1,0,1,-1,-0.0587375816268882
-1,1,0,1,-1,0.1075444263893323
-1,1,0,1,-1,0.0375196619103277
-1,1,0,1,-1,0.0424247711650007
-1,1,0,1,-1,-0.0241799472303669
-1,1,0,1,-1,-0.0266780890641757
-1,1,0,1,-1,0.0888518987749039
-1,1,0,1,-1,0.0379383669374048
-1,1,0,1,-1,0.0592657924296891
-1,1,0,1,-1,-0.0218211254639648
-1,1,0,1,-1,-0.0253595451092208
-1,1,0,1,-1,0.0264341563539638
-1,1,0,1,-1,0.0221845489606914
-1,1,0,1,-1,0.0688300495801607
-1,1,0,1,-1,0.048686586194923
-1,1,0,1,-1,-0.0512190995981347
-1,1,0,1,-1,0.0904057240488233
-1,1,0,1,-1,0.0185995795097139
-1,1,0,1,-1,0.0623289319164149
-1,1,0,1,-1,-0.0216365892129197
-1,1,0,1,1,-0.0485141969999415
-1,1,0,1,1,0.065467047080893
-1,1,0,1,1,0.0547889593398996
-1,1,0,1,1,0.0833360478381437
-1,1,0,1,1,-0.0311078575190199
-1,1,0,1,1,0.0057002639125687
-1,1,0,1,1,0.1014255483392021
-1,1,0,1,1,0.0089279816137206
-1,1,0,1,1,-0.0070804606415272
-1,1,0,1,1,0.0277284092641432
-1,1,0,1,1,-0.0010677151963211
-1,1,0,1,1,0.1228735034129853
-1,1,0,1,1,0.0157302656956141
-1,1,0,1,1,0.0362693775047322
-1,1,0,1,1,0.0129978215572798
-1,1,0,1,1,-0.0373108611430357
-1,1,0,1,1,0.046218429442177
-1,1,0,1,1,0.0293155650976806
-1,1,0,1,1,0.0340006216863918
-1,1,0,1,1,0.0213132387833996
-1,1,0,1,1,-0.0468900282919126
-1,1,0,1,1,0.0435080226498481
-1,1,0,1,1,0.0292307266958462
-1,1,0,1,1,0.0570164640083983
-1,1,0,1,1,-0.0170763882702739
-1,1,0,1,1,-0.0049343295133009
-1,1,0,1,1,0.0594006716723757
-1,1,0,1,1,0.0251654895735226
-1,1,0,1,1,-0.0541028254379022
-1,1,0,1,1,-0.0227751648691386
-1,1,0,1,1,-0.0125643861674582
-1,1,0,1,1,0.0692932599629174
-1,1,0,1,1,0.0455486589952394
-1,1,0,1,1,0.0081343564898563
-1,1,0,1,1,-0.027605048262165
-1,1,0,1,1,-0.0313489355522049
-1,1,0,1,1,0.050557990012274
-1,1,0,1,1,0.0101870850129045
-1,1,0,1,1,0.0870565377942382
-1,1,0,1,1,0.0304068014327746
-1,1,0,1,1,0.0177662132669719
-1,1,0,1,1,0.1295106348435709
-1,1,0,1,1,0.0327607332385953
-1,1,0,1,1,-0.0296190253021374
-1,1,0,1,1,-0.03755606038699
-1,1,0,1,1,-0.0448625840599113
-1,1,0,1,1,0.0423069914204093
-1,1,0,1,1,0.0287618639533559
-1,1,0,1,1,0.0707324630059915
-1,1,0,1,1,-0.0230037900753567
-1,1,1,-1,-1,-0.0164132840336761
-1,1,1,-1,-1,0.0344045472426342
-1,1,1,-1,-1,0.0628106565647372
-1,1,1,-1,-1,0.0635719828697756
-1,1,1,-1,-1,-0.0253083126184078
-1,1,1,-1,-1,0.0112038961543224
-1,1,1,-1,-1,0.0624748800927167
-1,1,1,-1,-1,0.0444770747594502
-1,1,1,-1,-1,0.0615688190509588
-1,1,1,-1,-1,-0.0229515299080848
-1,1,1,-1,-1,-0.0327218648820106
-1,1,1,-1,-1,0.0760295628163535
-1,1,1,-1,-1,0.0450329146169666
-1,1,1,-1,-1,0.0804138364248521
-1,1,1,-1,-1,-0.0098999212833995
-1,1,1,-1,-1,0.0342327146046437
-1,1,1,-1,-1,0.0947085806610175
-1,1,1,-1,-1,0.0771238845861782
-1,1,1,-1,-1,0.0605601759177113
-1,1,1,-1,-1,-0.0372164686806089
-1,1,1,-1,-1,-0.012460194238072
-1,1,1,-1,-1,0.0419383469926272
-1,1,1,-1,-1,0.0382025991923204
-1,1,1,-1,-1,0.0592219633823865
-1,1,1,-1,-1,-0.0220438855940973
-1,1,1,-1,-1,0.0214668266790188
-1,1,1,-1,-1,0.083815542880273
-1,1,1,-1,-1,0.0168474068503166
-1,1,1,-1,-1,0.0711101657180714
-1,1,1,-1,-1,-0.0095719717148514
-1,1,1,-1,-1,-0.0275717104520639
-1,1,1,-1,-1,0.0207758591304924
-1,1,1,-1,-1,0.0332693544992657
-1,1,1,-1,-1,0.0206640488265974
-1,1,1,-1,-1,0.0639502010041655
-1,1,1,-1,-1,-0.023727996783743
-1,1,1,-1,-1,0.0350477906493693
-1,1,1,-1,-1,0.036609092738799
-1,1,1,-1,-1,0.0777522698573715
-1,1,1,-1,-1,-0.017458046044681
-1,1,1,-1,-1,-0.0232233573711741
-1,1,1,-1,-1,0.1176556934320596
-1,1,1,-1,-1,0.0157008419920041
-1,1,1,-1,-1,-0.0209576043503038
-1,1,1,-1,-1,-0.0134131760915658
-1,1,1,-1,-1,0.0001052245545076
-1,1,1,-1,-1,0.0504077048632191
-1,1,1,-1,-1,0.0331500996486023
-1,1,1,-1,-1,0.0357048002703309
-1,1,1,-1,-1,-0.029217178741225
-1,1,1,-1,1,-0.0136037348092846
-1,1,1,-1,1,0.1052990569791471
-1,1,1,-1,1,0.050254354672441
-1,1,1,-1,1,0.0144066913815873
-1,1,1,-1,1,-0.0045441775700875
-1,1,1,-1,1,0.0202931722765744
-1,1,1,-1,1,0.0573117663840191
-1,1,1,-1,1,0.0501833640092755
-1,1,1,-1,1,0.0733538262140248
-1,1,1,-1,1,0.0161860960190195
-1,1,1,-1,1,0.0288079883459102
-1,1,1,-1,1,0.0570065078895553
-1,1,1,-1,1,0.0345988676861185
-1,1,1,-1,1,0.0594415391308333
-1,1,1,-1,1,0.0201046444418068
-1,1,1,-1,1,-0.016486063997803
-1,1,1,-1,1,0.0711167325893339
-1,1,1,-1,1,0.0495764430156177
-1,1,1,-1,1,0.0726532924050696
-1,1,1,-1,1,0.0264070434367217
-1,1,1,-1,1,0.0232020590114922
-1,1,1,-1,1,0.1163252620794485
-1,1,1,-1,1,0.0555175909655875
-1,1,1,-1,1,0.086104841056365
-1,1,1,-1,1,-0.0294238499137939
-1,1,1,-1,1,0.0121506231221914
-1,1,1,-1,1,0.0241680061335613
-1,1,1,-1,1,0.0733158819329129
-1,1,1,-1,1,0.0791293409350874
-1,1,1,-1,1,-0.0123878649788402
-1,1,1,-1,1,-0.025764926774853
-1,1,1,-1,1,0.1367219017025696
-1,1,1,-1,1,0.0643417779510713
-1,1,1,-1,1,0.0682059616402263
-1,1,1,-1,1,-0.0238534335672668
-1,1,1,-1,1,-0.0151592409460375
-1,1,1,-1,1,0.1179247232716009
-1,1,1,-1,1,0.0441145485213977
-1,1,1,-1,1,0.0720690724949424
-1,1,1,-1,1,-0.0279760044119024
-1,1,1,-1,1,-0.0225768533981054
-1,1,1,-1,1,0.0488992834207673
-1,1,1,-1,1,0.0538842446738472
-1,1,1,-1,1,0.0762257320606846
-1,1,1,-1,1,-0.0199700066726721
-1,1,1,-1,1,-0.0206247022618211
-1,1,1,-1,1,0.0326629381545459
-1,1,1,-1,1,0.0588296341373236
-1,1,1,-1,1,0.0765542344573443
-1,1,1,-1,1,-0.007222013693422
-1,1,1,1,-1,-0.0257534092454331
-1,1,1,1,-1,-0.0258748090716142
-1,1,1,1,-1,0.042638683900194
-1,1,1,1,-1,0.0269209525710359
-1,1,1,1,-1,0.0082690221877587
-1,1,1,1,-1,-0.0069221696957424
-1,1,1,1,-1,0.0269815918936178
-1,1,1,1,-1,0.0402487898674884
-1,1,1,1,-1,0.0342745488243899
-1,1,1,1,-1,0.0223104843668419
-1,1,1,1,-1,-0.0428062160851475
-1,1,1,1,-1,0.045389830313571
-1,1,1,1,-1,0.0485906491516878
-1,1,1,1,-1,0.0722785056845926
-1,1,1,1,-1,0.0265205098838817
-1,1,1,1,-1,-0.0171408302853097
-1,1,1,1,-1,0.0687247000888975
-1,1,1,1,-1,0.0433572179426862
-1,1,1,1,-1,0.0190536215315957
-1,1,1,1,-1,0.0187141649269918
-1,1,1,1,-1,-0.0313501587594536
-1,1,1,1,-1,0.0714674444032574
-1,1,1,1,-1,0.0507126210507639
-1,1,1,1,-1,0.0732511935044029
-1,1,1,1,-1,-0.0499382314101108
-1,1,1,1,-1,-0.0435699542146449
-1,1,1,1,-1,0.0355128061451595
-1,1,1,1,-1,0.0333156451324691
-1,1,1,1,-1,0.032380008461638
-1,1,1,1,-1,-0.008198035162732
-1,1,1,1,-1,-0.0039915796350214
-1,1,1,1,-1,0.0882962419177209
-1,1,1,1,-1,0.0572719359281203
-1,1,1,1,-1,0.050448397331545
-1,1,1,1,-1,0.0012663236330783
-1,1,1,1,-1,-0.0573852284769506
-1,1,1,1,-1,0.0669904902190391
-1,1,1,1,-1,0.0080669787852442
-1,1,1,1,-1,0.0378880179994445
-1,1,1,1,-1,-0.0042042355943672
-1,1,1,1,-1,-0.0281849234410596
-1,1,1,1,-1,0.0846741790303701
-1,1,1,1,-1,0.0238311349772096
-1,1,1,1,-1,-0.0179048817607533
-1,1,1,1,-1,-0.0183633750646758
-1,1,1,1,-1,-0.0088487673612543
-1,1,1,1,-1,0.0480107662607615
-1,1,1,1,-1,0.0008553756799671
-1,1,1,1,-1,0.0666612732973076
-1,1,1,1,-1,-0.0325275962412657
-1,1,1,1,1,-0.0135432337533516
-1,1,1,1,1,0.1046342169028471
-1,1,1,1,1,0.0301312186280281
-1,1,1,1,1,-0.0284417086069329
-1,1,1,1,1,-0.0209242551593325
-1,1,1,1,1,-0.0216594536883846
-1,1,1,1,1,0.0646740230043281
-1,1,1,1,1,0.0570203777412519
-1,1,1,1,1,0.0757480791066877
-1,1,1,1,1,-0.0284076399701055
-1,1,1,1,1,-0.020040651440294
-1,1,1,1,1,0.1276559816339093
-1,1,1,1,1,0.0601854447466013
-1,1,1,1,1,0.0894810875905921
-1,1,1,1,1,-0.0283977654873284
-1,1,1,1,1,-0.0300685202807546
-1,1,1,1,1,0.1089711283754363
-1,1,1,1,1,0.0228081713187857
-1,1,1,1,1,0.0805893895571823
-1,1,1,1,1,0.0002972861550485
-1,1,1,1,1,-0.0145315090155519
-1,1,1,1,1,0.0825572922302327
-1,1,1,1,1,0.0602885084463881
-1,1,1,1,1,0.0501080417146946
-1,1,1,1,1,-0.0211621051831112
-1,1,1,1,1,-0.025188453223774
-1,1,1,1,1,0.0284281593613194
-1,1,1,1,1,0.0669770847591397
-1,1,1,1,1,0.0742055056130577
-1,1,1,1,1,0.0049362355229519
-1,1,1,1,1,-0.0283801796080999
-1,1,1,1,1,0.0509708272958639
-1,1,1,1,1,0.0263304223360412
-1,1,1,1,1,0.0602386437075238
-1,1,1,1,1,-0.0069509464456691
-1,1,1,1,1,-0.030534970345091
-1,1,1,1,1,0.0665512051279029
-1,1,1,1,1,0.0452463202631473
-1,1,1,1,1,0.0725671166351822
-1,1,1,1,1,-0.0184331708323749
-1,1,1,1,1,-0.0248487410570002
-1,1,1,1,1,0.0787085603109054
-1,1,1,1,1,0.0517204557574264
-1,1,1,1,1,0.05390637154239
-1,1,1,1,1,0.0129087307341153
-1,1,1,1,1,-0.0450107298954982
-1,1,1,1,1,0.1375006904474721
-1,1,1,1,1,0.0258074676108176
-1,1,1,1,1,0.0734455790973248
-1,1,1,1,1,0.0105734133566503
1,-1,-1,-1,-1,-0.0579870019415352
1,-1,-1,-1,-1,0.010622246196642
1,-1,-1,-1,-1,-0.0071665636644176
1,-1,-1,-1,-1,-0.0690916149930669
1,-1,-1,-1,-1,-0.0192583649421174
1,-1,-1,-1,-1,-0.0223322418030987
1,-1,-1,-1,-1,0.0180577552400989
1,-1,-1,-1,-1,-0.0493173817351348
1,-1,-1,-1,-1,-0.092008507766021
1,-1,-1,-1,-1,-0.0363174929958222
1,-1,-1,-1,-1,-0.0238177325797098
1,-1,-1,-1,-1,0.0258063306152823
1,-1,-1,-1,-1,-0.0532795139998068
1,-1,-1,-1,-1,-0.0861672736508132
1,-1,-1,-1,-1,-0.0406128677551327
1,-1,-1,-1,-1,-0.0493383639662273
1,-1,-1,-1,-1,0.0210195842872281
1,-1,-1,-1,-1,-0.0610345446188085
1,-1,-1,-1,-1,-0.1391087978514776
1,-1,-1,-1,-1,-0.0322311842601301
1,-1,-1,-1,-1,0.0312827101852357
1,-1,-1,-1,-1,-0.0301802493623972
1,-1,-1,-1,-1,-0.0497778071691132
1,-1,-1,-1,-1,-0.0998949721531261
1,-1,-1,-1,-1,-0.0173408694734117
1,-1,-1,-1,-1,-0.0004939924788822
1,-1,-1,-1,-1,-0.0277332780586957
1,-1,-1,-1,-1,-0.0454405211959431
1,-1,-1,-1,-1,-0.1217418458445506
1,-1,-1,-1,-1,-0.0675952714824872
1,-1,-1,-1,-1,-3.965154591203493e-05
1,-1,-1,-1,-1,0.0048427433397737
1,-1,-1,-1,-1,-0.0363501891299442
1,-1,-1,-1,-1,-0.1204768390834126
1,-1,-1,-1,-1,-0.0482918645674812
1,-1,-1,-1,-1,-0.0540803231735287
1,-1,-1,-1,-1,0.0226156905510597
1,-1,-1,-1,-1,-0.0382077561294695
1,-1,-1,-1,-1,-0.0869106554749227
1,-1,-1,-1,-1,-0.0371769755768008
1,-1,-1,-1,-1,-0.036449302654898
1,-1,-1,-1,-1,0.0173782495481274
1,-1,-1,-1,-1,0.0242277436405216
1,-1,-1,-1,-1,-0.071247669108112
1,-1,-1,-1,-1,-0.0580500992732991
1,-1,-1,-1,-1,-0.0177738730634693
1,-1,-1,-1,-1,-0.0190389751359154
1,-1,-1,-1,-1,-0.0466514681741136
1,-1,-1,-1,-1,-0.1425794359301153
1,-1,-1,-1,-1,-0.0597156650105501
1,-1,-1,-1,1,0.0354258614767658
1,-1,-1,-1,1,0.0018770317887512
1,-1,-1,-1,1,0.0285177607794514
1,-1,-1,-1,1,-0.0346894233826128
1,-1,-1,-1,1,-0.032806221015954
1,-1,-1,-1,1,0.0079807162642063
1,-1,-1,-1,1,0.0163576174606524
1,-1,-1,-1,1,0.0125266584938599
1,-1,-1,-1,1,-0.0197210847474655
1,-1,-1,-1,1,0.0230076371205953
1,-1,-1,-1,1,0.0261057396023942
1,-1,-1,-1,1,0.030520818427491
1,-1,-1,-1,1,0.0011038630348764
1,-1,-1,-1,1,-0.0245401869723509
1,-1,-1,-1,1,0.0089478881236393
1,-1,-1,-1,1,0.0128794486512354
1,-1,-1,-1,1,0.0353359768805773
1,-1,-1,-1,1,0.0024704451418683
1,-1,-1,-1,1,-0.0287429785819699
1,-1,-1,-1,1,-0.0371106216337197
1,-1,-1,-1,1,0.0361043878656401
1,-1,-1,-1,1,0.0268495127831728
1,-1,-1,-1,1,0.0287992944196966
1,-1,-1,-1,1,-0.0039320549948884
1,-1,-1,-1,1,-0.0397230153850407
1,-1,-1,-1,1,0.023022030796488
1,-1,-1,-1,1,0.0451353365612846
1,-1,-1,-1,1,0.025174401763345
1,-1,-1,-1,1,-0.0340047983997463
1,-1,-1,-1,1,-0.0376935371790825
1,-1,-1,-1,1,-0.0036566747179726
1,-1,-1,-1,1,-0.0087267873173558
1,-1,-1,-1,1,0.0237992104843935
1,-1,-1,-1,1,-0.0154341119679822
1,-1,-1,-1,1,-0.0348340000040719
1,-1,-1,-1,1,0.0359128998431854
1,-1,-1,-1,1,0.0202688284034827
1,-1,-1,-1,1,-4.623309838727683e-05
1,-1,-1,-1,1,-0.0240906471483466
1,-1,-1,-1,1,-0.0326957126098581
1,-1,-1,-1,1,0.0001958515632611
1,-1,-1,-1,1,0.0089212332322785
1,-1,-1,-1,1,0.0231497789249684
1,-1,-1,-1,1,0.0178809845208392
1,-1,-1,-1,1,0.0058490835395903
1,-1,-1,-1,1,0.0377827012969675
1,-1,-1,-1,1,0.0018826722659101
1,-1,-1,-1,1,0.0249159924993981
1,-1,-1,-1,1,-0.0246398403640823
1,-1,-1,-1,1,-0.021873614490722
1,-1,-1,1,-1,-0.0512922731011779
1,-1,-1,1,-1,0.0315899360238469
1,-1,-1,1,-1,-0.0550496210917325
1,-1,-1,1,-1,-0.089008265632169
1,-1,-1,1,-1,-0.0753375263363945
1,-1,-1,1,-1,-0.0439100196125028
1,-1,-1,1,-1,0.0301040513734049
1,-1,-1,1,-1,-0.0401605996605631
1,-1,-1,1,-1,-0.0663645257436819
1,-1,-1,1,-1,-0.0530371416293183
1,-1,-1,1,-1,0.0008657993712531
1,-1,-1,1,-1,0.0160336719155024
1,-1,-1,1,-1,-0.0645846979484726
1,-1,-1,1,-1,-0.086907165397849
1,-1,-1,1,-1,-0.0785260914383585
1,-1,-1,1,-1,0.0174474990063504
1,-1,-1,1,-1,0.026610330603224
1,-1,-1,1,-1,-0.0570137924175962
1,-1,-1,1,-1,-0.117323497074021
1,-1,-1,1,-1,-0.0659027658899991
1,-1,-1,1,-1,-0.0331595326997173
1,-1,-1,1,-1,-0.0075546381169245
1,-1,-1,1,-1,-0.0769305252590362
1,-1,-1,1,-1,-0.021669623982437
1,-1,-1,1,-1,-0.0261663476711892
1,-1,-1,1,-1,-0.0431223773973877
1,-1,-1,1,-1,0.0114451287457781
1,-1,-1,1,-1,0.0219766395502075
1,-1,-1,1,-1,-0.0045135126322841
1,-1,-1,1,-1,-0.0143588688160396
1,-1,-1,1,-1,-0.0332090604265638
1,-1,-1,1,-1,0.0310260456797682
1,-1,-1,1,-1,-0.018943049105134
1,-1,-1,1,-1,-0.0546853353514347
1,-1,-1,1,-1,-0.0374540470842694
1,-1,-1,1,-1,0.0213932895862482
1,-1,-1,1,-1,0.0066709577628143
1,-1,-1,1,-1,-0.077178666225023
1,-1,-1,1,-1,-0.1366418138304465
1,-1,-1,1,-1,-0.0576762976166153
1,-1,-1,1,-1,-0.0407747419768306
1,-1,-1,1,-1,0.0242013676468172
1,-1,-1,1,-1,-0.0688304373565972
1,-1,-1,1,-1,-0.0184823626264536
1,-1,-1,1,-1,-0.0720928327835725
1,-1,-1,1,-1,-0.005669091290761
1,-1,-1,1,-1,0.0302176260558859
1,-1,-1,1,-1,-0.0627846705112457
1,-1,-1,1,-1,-0.1222906523733511
1,-1,-1,1,-1,-0.0484706893437852
1,-1,-1,1,1,0.0109120132059587
1,-1,-1,1,1,0.0283420071216694
1,-1,-1,1,1,0.0237844322166385
1,-1,-1,1,1,-0.028542548385989
1,-1,-1,1,1,-0.0272747949321409
1,-1,-1,1,1,0.0156015012333108
1,-1,-1,1,1,0.0400882786419963
1,-1,-1,1,1,-0.0129582980585274
1,-1,-1,1,1,-0.0114727210101843
1,-1,-1,1,1,-0.001662863755226
1,-1,-1,1,1,0.0362241866762022
1,-1,-1,1,1,0.0440939390226369
1,-1,-1,1,1,0.024583611771253
1,-1,-1,1,1,0.0137156010948756
1,-1,-1,1,1,-0.0336172710179764
1,-1,-1,1,1,0.0181090701504555
1,-1,-1,1,1,0.0457663007861696
1,-1,-1,1,1,-0.0033449865241061
1,-1,-1,1,1,-0.0204854896776231
1,-1,-1,1,1,-0.0358926919145374
1,-1,-1,1,1,-0.0156454673551558
1,-1,-1,1,1,0.0379215614029873
1,-1,-1,1,1,0.020390715110262
1,-1,-1,1,1,0.010166673828608
1,-1,-1,1,1,-0.0358346385940238
1,-1,-1,1,1,0.0143691797145762
1,-1,-1,1,1,0.0314739288720533
1,-1,-1,1,1,0.0423022202433059
1,-1,-1,1,1,-0.0255971774609943
1,-1,-1,1,1,-0.0285698560230534
1,-1,-1,1,1,0.0260424793618101
1,-1,-1,1,1,0.0483230400422912
1,-1,-1,1,1,-0.0198767509164706
1,-1,-1,1,1,-0.0195157951102142
1,-1,-1,1,1,-0.0347169238256815
1,-1,-1,1,1,-0.003176083515206
1,-1,-1,1,1,0.034121624012829
1,-1,-1,1,1,0.0168020378640104
1,-1,-1,1,1,-0.0338720631660851
1,-1,-1,1,1,0.0107933138445273
1,-1,-1,1,1,0.0013800081677403
1,-1,-1,1,1,0.0504686798955884
1,-1,-1,1,1,0.0227346129933177
1,-1,-1,1,1,-0.0253209938628015
1,-1,-1,1,1,0.0140653540998024
1,-1,-1,1,1,0.0030808663009222
1,-1,-1,1,1,0.0391103249392415
1,-1,-1,1,1,0.0308233708191658
1,-1,-1,1,1,-0.0163967912994093
1,-1,-1,1,1,-0.0352213094657818
1,-1,0,-1,-1,-0.0677274942466284
1,-1,0,-1,-1,0.0097462554486896
1,-1,0,-1,-1,0.0357484854028169
1,-1,0,-1,-1,-0.0058471954572553
1,-1,0,-1,-1,-0.0104742991127829
1,-1,0,-1,-1,0.0109191248467322
1,-1,0,-1,-1,0.0461260515329399
1,-1,0,-1,-1,-0.0968262591910004
1,-1,0,-1,-1,-0.040265589878871
1,-1,0,-1,-1,0.0088595792978828
1,-1,0,-1,-1,0.0118868078240348
1,-1,0,-1,-1,0.0206397172957556
1,-1,0,-1,-1,0.0172899910770247
1,-1,0,-1,-1,-0.0576233869991823
1,-1,0,-1,-1,-0.0033769989669026
1,-1,0,-1,-1,0.0168796431767601
1,-1,0,-1,-1,-0.0156776674641555
1,-1,0,-1,-1,-0.0311616868126616
1,-1,0,-1,-1,-0.134025121864967
1,-1,0,-1,-1,-0.0097684249765264
1,-1,0,-1,-1,-0.0566367968658502
1,-1,0,-1,-1,-0.0190159332416232
1,-1,0,-1,-1,-0.0294192239639092
1,-1,0,-1,-1,-0.1371168170750895
1,-1,0,-1,-1,-0.066990145009498
1,-1,0,-1,-1,0.0142821789831961
1,-1,0,-1,-1,0.0439993363919811
1,-1,0,-1,-1,-0.0669591809155899
1,-1,0,-1,-1,-0.053227678201328
1,-1,0,-1,-1,-0.0217742998227221
1,-1,0,-1,-1,-0.0107288279400994
1,-1,0,-1,-1,0.0283374936441161
1,-1,0,-1,-1,-0.0590861652075703
1,-1,0,-1,-1,-0.101703667173793
1,-1,0,-1,-1,-0.0599027824022625
1,-1,0,-1,-1,-0.0340589638713643
1,-1,0,-1,-1,0.0143220791638565
1,-1,0,-1,-1,-0.0261079484513327
1,-1,0,-1,-1,-0.0707825017545728
1,-1,0,-1,-1,-0.0684429894274417
1,-1,0,-1,-1,-0.0122435790546793
1,-1,0,-1,-1,0.0099548576960412
1,-1,0,-1,-1,-0.0181510747158388
1,-1,0,-1,-1,0.0166676077230613
1,-1,0,-1,-1,-0.0638189259745313
1,-1,0,-1,-1,-0.0790043354353134
1,-1,0,-1,-1,0.009644219481927
1,-1,0,-1,-1,0.0104855634944281
1,-1,0,-1,-1,-0.0215720145775706
1,-1,0,-1,-1,-0.0402420495589157
1,-1,0,-1,1,0.0173881950377811
1,-1,0,-1,1,0.0341560531098347
1,-1,0,-1,1,0.0314004468700694
1,-1,0,-1,1,0.0334867504988038
1,-1,0,-1,1,-0.0387117121483711
1,-1,0,-1,1,0.0070257883791231
1,-1,0,-1,1,0.1110245634848276
1,-1,0,-1,1,0.0514074262159338
1,-1,0,-1,1,-0.0142651786732192
1,-1,0,-1,1,0.0087660389201537
1,-1,0,-1,1,-0.0217970692490153
1,-1,0,-1,1,0.0453550292266634
1,-1,0,-1,1,0.0641828833572322
1,-1,0,-1,1,0.0496045549895196
1,-1,0,-1,1,-0.0211187119759449
1,-1,0,-1,1,0.0174107870790214
1,-1,0,-1,1,0.1086451297607324
1,-1,0,-1,1,0.0251320790298673
1,-1,0,-1,1,0.0259812821333699
1,-1,0,-1,1,0.0082261761725237
1,-1,0,-1,1,-0.0247764426810882
1,-1,0,-1,1,0.0539762615772534
1,-1,0,-1,1,0.0467951191794324
1,-1,0,-1,1,0.0456797110465406
1,-1,0,-1,1,0.0173977865408605
1,-1,0,-1,1,0.0056437992851126
1,-1,0,-1,1,0.0353091651787831
1,-1,0,-1,1,0.048020643383472
1,-1,0,-1,1,0.0465178504019897
1,-1,0,-1,1,-0.0268500917691086
1,-1,0,-1,1,-0.0198769813845936
1,-1,0,-1,1,0.0571620321047055
1,-1,0,-1,1,0.0477141650585435
1,-1,0,-1,1,0.0456887689765049
1,-1,0,-1,1,0.0047291366419243
1,-1,0,-1,1,-0.0280888431326673
1,-1,0,-1,1,0.0865719013883434
1,-1,0,-1,1,0.0612151535098296
1,-1,0,-1,1,0.0722358163277814
1,-1,0,-1,1,0.0277174241592337
1,-1,0,-1,1,-0.015199558401312
1,-1,0,-1,1,0.1054725160856193
1,-1,0,-1,1,0.0476726769453504
1,-1,0,-1,1,0.0664106725247971
1,-1,0,-1,1,0.0079943665396375
1,-1,0,-1,1,-0.0248666861191515
1,-1,0,-1,1,0.0580883526148004
1,-1,0,-1,1,0.0494046423073031
1,-1,0,-1,1,0.0547406883306997
1,-1,0,-1,1,-0.0312409885693049
1,-1,0,1,-1,-0.0122149419193685
1,-1,0,1,-1,-0.0127490526422492
1,-1,0,1,-1,-0.0387179569639045
1,-1,0,1,-1,-0.0731249960301109
1,-1,0,1,-1,-0.0700165492435768
1,-1,0,1,-1,0.0025895660133618
1,-1,0,1,-1,0.0019417085679672
1,-1,0,1,-1,-0.0828692032871322
1,-1,0,1,-1,-0.1014617744169534
1,-1,0,1,-1,-0.0279693467415221
1,-1,0,1,-1,-0.0658198544928978
1,-1,0,1,-1,-0.0653549241971074
1,-1,0,1,-1,-0.0450455051697364
1,-1,0,1,-1,-0.1463540938261023
1,-1,0,1,-1,-0.0456740411277624
1,-1,0,1,-1,-0.0380520841213331
1,-1,0,1,-1,0.0194069389960875
1,-1,0,1,-1,-0.1058973416493519
1,-1,0,1,-1,-0.1303250358164391
1,-1,0,1,-1,-0.0634878302720736
1,-1,0,1,-1,-0.0837445585665689
1,-1,0,1,-1,-0.0241052102033385
1,-1,0,1,-1,-0.019656570434245
1,-1,0,1,-1,-0.0711487522337409
1,-1,0,1,-1,-0.0746887720413625
1,-1,0,1,-1,-0.1243342203320809
1,-1,0,1,-1,-0.0093515186383544
1,-1,0,1,-1,-0.01814335962036
1,-1,0,1,-1,-0.0908661358258714
1,-1,0,1,-1,-0.0566116717574173
1,-1,0,1,-1,-0.0282676303723194
1,-1,0,1,-1,-0.0183613592934834
1,-1,0,1,-1,0.0038845990890261
1,-1,0,1,-1,-0.0612377065535291
1,-1,0,1,-1,-0.1127922858661432
1,-1,0,1,-1,-0.0628976967404822
1,-1,0,1,-1,-0.0289186645752104
1,-1,0,1,-1,-0.0456040968276184
1,-1,0,1,-1,-0.1053042074590368
1,-1,0,1,-1,-0.0455459621648418
1,-1,0,1,-1,-0.0740308180785844
1,-1,0,1,-1,0.0513412276491469
1,-1,0,1,-1,-0.1207543492920896
1,-1,0,1,-1,0.0462442733187113
1,-1,0,1,-1,-0.0554769757546701
1,-1,0,1,-1,-0.0615252185224028
1,-1,0,1,-1,-0.0063646024191805
1,-1,0,1,-1,-0.0654593540575937
1,-1,0,1,-1,-0.0373841995254108
1,-1,0,1,-1,-0.1297958340098594
1,-1,0,1,1,-0.0454038697950443
1,-1,0,1,1,0.1152268302725385
1,-1,0,1,1,0.0477402624437361
1,-1,0,1,1,0.0245765993856706
1,-1,0,1,1,-0.0182736453605712
1,-1,0,1,1,-0.0353277488673713
1,-1,0,1,1,0.109945455135162
1,-1,0,1,1,0.0484386845265714
1,-1,0,1,1,0.0757064856812842
1,-1,0,1,1,-0.0336031896942104
1,-1,0,1,1,-0.0504518374580986
1,-1,0,1,1,0.0506805996646809
1,-1,0,1,1,0.0561818929014642
1,-1,0,1,1,0.038282908401816
1,-1,0,1,1,0.0039947115835876
1,-1,0,1,1,0.0039998252646121
1,-1,0,1,1,0.1004299610187926
1,-1,0,1,1,0.051938916862409
1,-1,0,1,1,0.0367024447059075
1,-1,0,1,1,-0.0284845398651703
1,-1,0,1,1,0.0260142702203426
1,-1,0,1,1,0.121696978666912
1,-1,0,1,1,0.0772075210326859
1,-1,0,1,1,0.0223882434716629
1,-1,0,1,1,0.0460750567092824
1,-1,0,1,1,0.0457935061052345
1,-1,0,1,1,0.1096782635658559
1,-1,0,1,1,0.0394684347339008
1,-1,0,1,1,0.0439120312711768
1,-1,0,1,1,0.0271170922295614
1,-1,0,1,1,0.0131541254018724
1,-1,0,1,1,0.0536301273777388
1,-1,0,1,1,0.0566976466798222
1,-1,0,1,1,0.0504126218928513
1,-1,0,1,1,-0.0284837220454182
1,-1,0,1,1,0.0233000710787553
1,-1,0,1,1,0.0334006101404631
1,-1,0,1,1,0.0227794823375939
1,-1,0,1,1,0.0701127902935762
1,-1,0,1,1,-0.0236466471510423
1,-1,0,1,1,-0.0260017045624187
1,-1,0,1,1,0.100555901829495
1,-1,0,1,1,0.0527188771453884
1,-1,0,1,1,0.0438401435518525
1,-1,0,1,1,-0.0141618359869209
1,-1,0,1,1,0.0299938736348421
1,-1,0,1,1,0.1091400646042778
1,-1,0,1,1,0.0124093738265224
1,-1,0,1,1,0.0699713092921592
1,-1,0,1,1,0.0050652950329471
1,-1,1,-1,-1,-0.0817476797775238
1,-1,1,-1,-1,-0.0108804882964564
1,-1,1,-1,-1,-0.0886425770406426
1,-1,1,-1,-1,-0.0762702268564575
1,-1,1,-1,-1,0.0215236126551951
1,-1,1,-1,-1,-0.0352028954647663
1,-1,1,-1,-1,-0.0368634754851824
1,-1,1,-1,-1,-0.018727619616585
1,-1,1,-1,-1,-0.0859657800335464
1,-1,1,-1,-1,-0.0165767636381103
1,-1,1,-1,-1,-0.0680330156514399
1,-1,1,-1,-1,-0.0349417227522735
1,-1,1,-1,-1,-0.0973645974771292
1,-1,1,-1,-1,-0.0975205255167733
1,-1,1,-1,-1,-0.0453315909899307
1,-1,1,-1,-1,-0.0106445889700505
1,-1,1,-1,-1,-0.0423011332506232
1,-1,1,-1,-1,-0.0445455309830977
1,-1,1,-1,-1,0.0030996506425272
1,-1,1,-1,-1,-0.0176224701717587
1,-1,1,-1,-1,-0.051768759936996
1,-1,1,-1,-1,-0.0170318189577563
1,-1,1,-1,-1,0.0397892598582175
1,-1,1,-1,-1,-0.0319396045708071
1,-1,1,-1,-1,-0.0456369206364675
1,-1,1,-1,-1,-0.0740058697403478
1,-1,1,-1,-1,0.0003624245059158
1,-1,1,-1,-1,-0.0586070513757937
1,-1,1,-1,-1,-0.0517168901891115
1,-1,1,-1,-1,-0.0279106618033845
1,-1,1,-1,-1,-0.0408737619914108
1,-1,1,-1,-1,0.0028279981592634
1,-1,1,-1,-1,-0.0510212224617039
1,-1,1,-1,-1,-0.0915072357065773
1,-1,1,-1,-1,-0.0306047684578942
1,-1,1,-1,-1,-0.0374951233555094
1,-1,1,-1,-1,0.0114807905230671
1,-1,1,-1,-1,-0.0677078460693864
1,-1,1,-1,-1,-0.1019564299638103
1,-1,1,-1,-1,-0.0304693845187558
1,-1,1,-1,-1,-0.0357887426102547
1,-1,1,-1,-1,-0.0007661640373276
1,-1,1,-1,-1,0.02572618006981
1,-1,1,-1,-1,-0.00881060586619
1,-1,1,-1,-1,-0.0357945800030457
1,-1,1,-1,-1,0.0179699256941634
1,-1,1,-1,-1,-0.0220568751908192
1,-1,1,-1,-1,0.0232408051649074
1,-1,1,-1,-1,-0.0850783987221535
1,-1,1,-1,-1,0.0086391118813204
1,-1,1,-1,1,-0.0419321946485475
1,-1,1,-1,1,0.0217901631146968
1,-1,1,-1,1,0.0707062892704201
1,-1,1,-1,1,0.0555754307525262
1,-1,1,-1,1,0.0176764464657652
1,-1,1,-1,1,-0.0371205292763639
1,-1,1,-1,1,0.1309022492108442
1,-1,1,-1,1,0.0632313917971679
1,-1,1,-1,1,0.068733418223194
1,-1,1,-1,1,-0.0318858102896707
1,-1,1,-1,1,-0.0054392830326192
1,-1,1,-1,1,0.0542805718365782
1,-1,1,-1,1,0.0619979308152532
1,-1,1,-1,1,0.0503391750191303
1,-1,1,-1,1,0.0099089860054072
1,-1,1,-1,1,0.0014304836385679
1,-1,1,-1,1,0.0499294362964259
1,-1,1,-1,1,0.0559976941479187
1,-1,1,-1,1,0.0485774778111166
1,-1,1,-1,1,-0.0185023843306588
1,-1,1,-1,1,-0.0400965394468231
1,-1,1,-1,1,0.1141212476316508
1,-1,1,-1,1,0.0469334205828493
1,-1,1,-1,1,0.0505190456712765
1,-1,1,-1,1,-0.0120030874234559
1,-1,1,-1,1,-0.0160161847697033
1,-1,1,-1,1,0.1204079616333297
1,-1,1,-1,1,0.0515606458576393
1,-1,1,-1,1,0.0383392202275168
1,-1,1,-1,1,0.0096787485390007
1,-1,1,-1,1,-0.0231566059251708
1,-1,1,-1,1,0.0951111034129959
1,-1,1,-1,1,0.0531547730076331
1,-1,1,-1,1,0.0278576613174625
1,-1,1,-1,1,-0.0317743453711362
1,-1,1,-1,1,-0.0083463011431031
1,-1,1,-1,1,0.037005914462377
1,-1,1,-1,1,0.0468600431390395
1,-1,1,-1,1,0.0734309481971391
1,-1,1,-1,1,-0.0282212380454401
1,-1,1,-1,1,-0.0360801439381979
1,-1,1,-1,1,0.1242479508100371
1,-1,1,-1,1,0.032465395402141
1,-1,1,-1,1,0.0605442054640128
1,-1,1,-1,1,-0.0108707887144271
1,-1,1,-1,1,-0.0468782781645706
1,-1,1,-1,1,0.0988484311865643
1,-1,1,-1,1,0.0821430095451609
1,-1,1,-1,1,0.0696944973350838
1,-1,1,-1,1,-0.0074479229076642
1,-1,1,1,-1,-0.0578336861738205
1,-1,1,1,-1,-0.0103447020398435
1,-1,1,1,-1,-0.1069708188161488
1,-1,1,1,-1,-0.0970578181473018
1,-1,1,1,-1,-0.002922185340424
1,-1,1,1,-1,-0.085340886092755
1,-1,1,1,-1,-0.0616421665996983
1,-1,1,1,-1,-0.1329296264659962
1,-1,1,1,-1,-0.0493989600519593
1,-1,1,1,-1,-0.0044364242976842
1,-1,1,1,-1,-0.0495497643745539
1,-1,1,1,-1,-0.0397385044822996
1,-1,1,1,-1,0.0179381778050402
1,-1,1,1,-1,-0.0640245264648429
1,-1,1,1,-1,-0.049802064086779
1,-1,1,1,-1,-0.0445312057982765
1,-1,1,1,-1,-0.0082059700488875
1,-1,1,1,-1,-0.1451383902136449
1,-1,1,1,-1,-0.0294088813580578
1,-1,1,1,-1,-0.1013766230934089
1,-1,1,1,-1,-0.0663155013178354
1,-1,1,1,-1,-0.0143251004019293
1,-1,1,1,-1,-0.0332491497644188
1,-1,1,1,-1,-0.0315550444044844
1,-1,1,1,-1,-0.1131558315725888
1,-1,1,1,-1,-0.1026913536254078
1,-1,1,1,-1,-0.05799413651198
1,-1,1,1,-1,0.0039977094722728
1,-1,1,1,-1,-0.0389956636367759
1,-1,1,1,-1,-0.0546923267233541
1,-1,1,1,-1,-0.0744616438270854
1,-1,1,1,-1,-0.0460998576492022
1,-1,1,1,-1,-0.0126749918348656
1,-1,1,1,-1,-0.027339218445408
1,-1,1,1,-1,-0.0123876893017778
1,-1,1,1,-1,-0.1036305681623888
1,-1,1,1,-1,-0.058620821873012
1,-1,1,1,-1,-0.0248267878985108
1,-1,1,1,-1,-0.0989968431101823
1,-1,1,1,-1,-0.0597848469172325
1,-1,1,1,-1,-0.1388603714020925
1,-1,1,1,-1,0.0003405808424388
1,-1,1,1,-1,-0.1482527250130215
1,-1,1,1,-1,-0.1125088083682831
1,-1,1,1,-1,-0.0400730764883858
1,-1,1,1,-1,-0.0751309648685857
1,-1,1,1,-1,-0.039361605870497
1,-1,1,1,-1,0.0095152114552411
1,-1,1,1,-1,-0.0468074505250245
1,-1,1,1,-1,-0.0746216731850886
1,-1,1,1,1,-0.0313343539164242
1,-1,1,1,1,0.1032722587019754
1,-1,1,1,1,0.0587891899217835
1,-1,1,1,1,0.073905263089332
1,-1,1,1,1,-0.0120291478368126
1,-1,1,1,1,-0.0188261693807262
1,-1,1,1,1,0.070517945422117
1,-1,1,1,1,0.0484972108264027
1,-1,1,1,1,-0.0063088313804731
1,-1,1,1,1,-0.0381287828692495
1,-1,1,1,1,-0.0371018642997882
1,-1,1,1,1,0.1065355609054932
1,-1,1,1,1,0.0575540002740557
1,-1,1,1,1,0.0671836379574084
1,-1,1,1,1,-0.0290017329418215
1,-1,1,1,1,-0.0411361230432142
1,-1,1,1,1,0.1320931181764959
1,-1,1,1,1,0.0939672558957547
1,-1,1,1,1,0.077302128018718
1,-1,1,1,1,-0.0078074978803682
1,-1,1,1,1,-0.0044578511772526
1,-1,1,1,1,0.0422928155145648
1,-1,1,1,1,0.0881591629669561
1,-1,1,1,1,0.0520845824893402
1,-1,1,1,1,-0.0121942736683648
1,-1,1,1,1,-0.0420480863180877
1,-1,1,1,1,0.0556007152970903
1,-1,1,1,1,0.0341531115322384
1,-1,1,1,1,0.0127851694958768
1,-1,1,1,1,0.0166175114558891
1,-1,1,1,1,-0.0309683367730616
1,-1,1,1,1,0.0485769062159047
1,-1,1,1,1,0.0372690908096766
1,-1,1,1,1,0.0178585398122511
1,-1,1,1,1,0.0159972028653846
1,-1,1,1,1,0.0269907109437303
1,-1,1,1,1,0.1044777544027842
1,-1,1,1,1,0.063375391210591
1,-1,1,1,1,0.078299009920196
1,-1,1,1,1,-0.0392805789559235
1,-1,1,1,1,-0.0502214152837306
1,-1,1,1,1,0.1486736214492117
1,-1,1,1,1,0.0389613367443241
1,-1,1,1,1,0.0355239257115012
1,-1,1,1,1,-0.0097968799815875
1,-1,1,1,1,-0.0182553178110144
1,-1,1,1,1,0.1103138866194655
1,-1,1,1,1,0.0649791412060842
1,-1,1,1,1,-0.0369141138381812
1,-1,1,1,1,-0.0120977085425301
1,1,-1,-1,-1,-0.0003204869632395
1,1,-1,-1,-1,0.0033654786975766
1,1,-1,-1,-1,0.0071784779079391
1,1,-1,-1,-1,-0.0477151166758501
1,1,-1,-1,-1,-0.0584476444614711
1,1,-1,-1,-1,0.0250836610560072
1,1,-1,-1,-1,0.0106956112826673
1,1,-1,-1,-1,0.0062894286407484
1,1,-1,-1,-1,-0.0239787195760838
1,1,-1,-1,-1,-0.0784753941303856
1,1,-1,-1,-1,0.0178214065696773
1,1,-1,-1,-1,0.0034870919876323
1,1,-1,-1,-1,0.0271799447420095
1,1,-1,-1,-1,-0.0186650938720982
1,1,-1,-1,-1,-0.0176512917535778
1,1,-1,-1,-1,0.0268055915121501
1,1,-1,-1,-1,0.0415718539732302
1,1,-1,-1,-1,0.0328150199046818
1,1,-1,-1,-1,-0.0145816363183281
1,1,-1,-1,-1,-0.0360261533647787
1,1,-1,-1,-1,0.0049325729346756
1,1,-1,-1,-1,-0.00538205346977
1,1,-1,-1,-1,0.0078018056827726
1,1,-1,-1,-1,-0.0387631422634375
1,1,-1,-1,-1,-0.0377475676631794
1,1,-1,-1,-1,0.0174300542544382
1,1,-1,-1,-1,-0.0058425438286157
1,1,-1,-1,-1,0.009640450988023
1,1,-1,-1,-1,-0.0143915111998159
1,1,-1,-1,-1,-0.0687752747638662
1,1,-1,-1,-1,0.0230702437459252
1,1,-1,-1,-1,0.011563293756883
1,1,-1,-1,-1,0.0093222637051453
1,1,-1,-1,-1,-0.0173758649395371
1,1,-1,-1,-1,-0.029643953860117
1,1,-1,-1,-1,-0.0058378892833422
1,1,-1,-1,-1,0.0463118389180767
1,1,-1,-1,-1,0.0068640536228087
1,1,-1,-1,-1,-0.0202559020615687
1,1,-1,-1,-1,-0.0175513950043699
1,1,-1,-1,-1,0.0068922757170611
1,1,-1,-1,-1,0.0111164484841301
1,1,-1,-1,-1,0.0119119824575725
1,1,-1,-1,-1,-0.0361055496449766
1,1,-1,-1,-1,-0.0700895405594049
1,1,-1,-1,-1,0.0340893965556422
1,1,-1,-1,-1,0.0102102922781088
1,1,-1,-1,-1,0.0184108283681942
1,1,-1,-1,-1,-0.0193308784486983
1,1,-1,-1,-1,-0.0651832658804248
1,1,-1,-1,1,0.0132423639871847
1,1,-1,-1,1,-0.0044878871335338
1,1,-1,-1,1,0.0213686053078079
1,1,-1,-1,1,-0.0256486113616515
1,1,-1,-1,1,0.0020532585989162
1,1,-1,-1,1,0.0050019537643807
1,1,-1,-1,1,-0.0037017752151558
1,1,-1,-1,1,0.018159523120289
1,1,-1,-1,1,-0.0409937952701055
1,1,-1,-1,1,-0.0050071729613533
1,1,-1,-1,1,0.0065999698828854
1,1,-1,-1,1,0.0063377892469315
1,1,-1,-1,1,0.0212862334568091
1,1,-1,-1,1,-0.0352909581835298
1,1,-1,-1,1,-0.0146625217382012
1,1,-1,-1,1,0.0057349468651832
1,1,-1,-1,1,0.0194066011684779
1,1,-1,-1,1,0.0269608201298642
1,1,-1,-1,1,-0.023774197598307
1,1,-1,-1,1,0.0074217376293379
1,1,-1,-1,1,0.0131811393345282
1,1,-1,-1,1,0.0023801062231277
1,1,-1,-1,1,0.0031823112538564
1,1,-1,-1,1,-0.0135275250346645
1,1,-1,-1,1,-0.0383032071976405
1,1,-1,-1,1,-0.0179874685058278
1,1,-1,-1,1,0.0020956346174217
1,1,-1,-1,1,0.0204455641437527
1,1,-1,-1,1,-0.0288370506495632
1,1,-1,-1,1,-0.0224433691311359
1,1,-1,-1,1,0.0081079520627106
1,1,-1,-1,1,0.0302698456662038
1,1,-1,-1,1,0.0206780231674372
1,1,-1,-1,1,-0.0180012334688388
1,1,-1,-1,1,0.0020898259296014
1,1,-1,-1,1,0.0271805629857294
1,1,-1,-1,1,0.0356603502802809
1,1,-1,-1,1,0.0431393286431025
1,1,-1,-1,1,-0.0341406583702157
1,1,-1,-1,1,-0.025612395165596
1,1,-1,-1,1,0.016637839787341
1,1,-1,-1,1,0.0030215641711207
1,1,-1,-1,1,-0.0011599261752795
1,1,-1,-1,1,0.0020799390730887
1,1,-1,-1,1,-0.0307482247564481
1,1,-1,-1,1,0.0099795652432634
1,1,-1,-1,1,-0.0078023821758205
1,1,-1,-1,1,0.0207803373637033
1,1,-1,-1,1,0.0084658727588735
1,1,-1,-1,1,0.0176357069405077
1,1,-1,1,-1,0.0094716138310323
1,1,-1,1,-1,0.0376924389754763
1,1,-1,1,-1,0.0192444148972824
1,1,-1,1,-1,-0.021157651939232
1,1,-1,1,-1,-0.0755744384251943
1,1,-1,1,-1,0.0176493311976116
1,1,-1,1,-1,0.0376110590836537
1,1,-1,1,-1,0.0147370462819469
1,1,-1,1,-1,-0.0168429291175422
1,1,-1,1,-1,-0.0649399283753569
1,1,-1,1,-1,0.0257702383576879
1,1,-1,1,-1,0.0319909907827047
1,1,-1,1,-1,0.0220498331082079
1,1,-1,1,-1,-0.0730780252512878
1,1,-1,1,-1,-0.0703256527778304
1,1,-1,1,-1,0.0249049946162775
1,1,-1,1,-1,-0.0025246499214394
1,1,-1,1,-1,0.0170754680658748
1,1,-1,1,-1,-0.0086614303011095
1,1,-1,1,-1,-0.0786905123291168
1,1,-1,1,-1,0.0108430295164164
1,1,-1,1,-1,-0.032330547793867
1,1,-1,1,-1,0.0504632756147833
1,1,-1,1,-1,-0.0286717174361738
1,1,-1,1,-1,-0.0582902163984302
1,1,-1,1,-1,0.0269692302428704
1,1,-1,1,-1,0.0069958762787141
1,1,-1,1,-1,-0.0024365442236237
1,1,-1,1,-1,0.0025009114930049
1,1,-1,1,-1,-0.0453690422070449
1,1,-1,1,-1,0.0235875433521366
1,1,-1,1,-1,-5.352933027158656e-05
1,1,-1,1,-1,0.0325372897663605
1,1,-1,1,-1,-0.0466960818956188
1,1,-1,1,-1,-0.0628467555839542
1,1,-1,1,-1,0.0185526877397793
1,1,-1,1,-1,0.0206754754125127
1,1,-1,1,-1,0.0196872561277111
1,1,-1,1,-1,-0.0064524927339098
1,1,-1,1,-1,-0.0719379928376337
1,1,-1,1,-1,0.0401714937984358
1,1,-1,1,-1,0.0196407042937012
1,1,-1,1,-1,0.0448791475116444
1,1,-1,1,-1,-0.015730964382075
1,1,-1,1,-1,-0.0695057332819749
1,1,-1,1,-1,0.0201955916380507
1,1,-1,1,-1,-0.0024594567890331
1,1,-1,1,-1,0.0466396507796338
1,1,-1,1,-1,-0.0224528698701419
1,1,-1,1,-1,-0.0730991106462351
1,1,-1,1,1,0.0263837009497195
1,1,-1,1,1,0.0821636850036018
1,1,-1,1,1,0.0243710973633819
1,1,-1,1,1,-0.0234055471901031
1,1,-1,1,1,-0.0410704121031555
1,1,-1,1,1,0.0054021728128461
1,1,-1,1,1,0.0444256651152969
1,1,-1,1,1,0.0228631147758538
1,1,-1,1,1,0.0002141843266302
1,1,-1,1,1,-0.0301674523922509
1,1,-1,1,1,0.0200042102196232
1,1,-1,1,1,0.037254044839763
1,1,-1,1,1,0.0069005675283972
1,1,-1,1,1,-0.0190001079256612
1,1,-1,1,1,-0.0400334511038714
1,1,-1,1,1,0.0070257798165565
1,1,-1,1,1,0.0375403179372551
1,1,-1,1,1,0.0039037245998437
1,1,-1,1,1,-0.0323446113140349
1,1,-1,1,1,-0.0292573779484681
1,1,-1,1,1,0.0141419350338557
1,1,-1,1,1,0.0115458794403824
1,1,-1,1,1,-0.0143730053339399
1,1,-1,1,1,-0.0394391200514379
1,1,-1,1,1,-0.0360579942743562
1,1,-1,1,1,0.019310096881501
1,1,-1,1,1,0.0426540209197423
1,1,-1,1,1,-0.0019885377969799
1,1,-1,1,1,-0.0225558947255391
1,1,-1,1,1,-0.0353942046262325
1,1,-1,1,1,0.0238129520169924
1,1,-1,1,1,0.0517515315313805
1,1,-1,1,1,0.0259833303630014
1,1,-1,1,1,-0.0055919052072688
1,1,-1,1,1,-0.0284382359641581
1,1,-1,1,1,-0.0183028544237296
1,1,-1,1,1,0.0499832316238548
1,1,-1,1,1,0.0159499943658493
1,1,-1,1,1,-0.0187100821299127
1,1,-1,1,1,-0.0379848449398466
1,1,-1,1,1,0.0226486513429824
1,1,-1,1,1,0.0232868929375307
1,1,-1,1,1,0.0399512919801256
1,1,-1,1,1,0.0046172971220369
1,1,-1,1,1,-0.0214517702013569
1,1,-1,1,1,0.0219991261293151
1,1,-1,1,1,0.0059611031347129
1,1,-1,1,1,0.0009687827349301
1,1,-1,1,1,-0.0316787029980494
1,1,-1,1,1,-0.0339842737722923
1,1,0,-1,-1,0.0011167893217589
1,1,0,-1,-1,0.0139711588349981
1,1,0,-1,-1,0.0300791110971416
1,1,0,-1,-1,0.0330265245966299
1,1,0,-1,-1,-0.0104723462385997
1,1,0,-1,-1,0.0199570535806449
1,1,0,-1,-1,0.0190331340486378
1,1,0,-1,-1,0.0278356903281525
1,1,0,-1,-1,0.0704611641355939
1,1,0,-1,-1,-0.0295297522051501
1,1,0,-1,-1,-0.0167950172121518
1,1,0,-1,-1,0.0436842546347566
1,1,0,-1,-1,0.0413991370322877
1,1,0,-1,-1,0.0231280077657949
1,1,0,-1,-1,-0.0513441582631434
1,1,0,-1,-1,-0.0221701758038737
1,1,0,-1,-1,0.0486577800799135
1,1,0,-1,-1,0.03040652897165
1,1,0,-1,-1,-0.0131028005724586
1,1,0,-1,-1,-0.0286708262645056
1,1,0,-1,-1,0.0195914190826526
1,1,0,-1,-1,0.0437276082125258
1,1,0,-1,-1,0.0355018905430374
1,1,0,-1,-1,0.0719622333146297
1,1,0,-1,-1,-0.0651780195857468
1,1,0,-1,-1,0.0281911637178371
1,1,0,-1,-1,0.1016251938319603
1,1,0,-1,-1,0.0434035165556878
1,1,0,-1,-1,-0.008969931618685
1,1,0,-1,-1,-0.0340788099099002
1,1,0,-1,-1,0.0192639749118368
1,1,0,-1,-1,0.0492338199430084
1,1,0,-1,-1,0.0243659611911048
1,1,0,-1,-1,0.0173738876571803
1,1,0,-1,-1,-0.0210529304126531
1,1,0,-1,-1,0.0227138577321854
1,1,0,-1,-1,0.0658212414455712
1,1,0,-1,-1,0.0325832988047537
1,1,0,-1,-1,0.0049184588192078
1,1,0,-1,-1,0.0230287695950735
1,1,0,-1,-1,-0.0015961837911873
1,1,0,-1,-1,0.0732489517944322
1,1,0,-1,-1,0.0146957858793849
1,1,0,-1,-1,0.0201773110333179
1,1,0,-1,-1,-0.0677019770338922
1,1,0,-1,-1,-0.0061717777700706
1,1,0,-1,-1,0.0457190868713813
1,1,0,-1,-1,0.0283259195588965
1,1,0,-1,-1,0.0850731603126402
1,1,0,-1,-1,-0.0035043910677116
1,1,0,-1,1,-0.0129039971103989
1,1,0,-1,1,0.0450855949141861
1,1,0,-1,1,0.049598980366827
1,1,0,-1,1,0.0560116441388198
1,1,0,-1,1,-0.0313841194145749
1,1,0,-1,1,0.0332567617287766
1,1,0,-1,1,0.0378788862675593
1,1,0,-1,1,0.0454322179586786
1,1,0,-1,1,-0.006065551836261
1,1,0,-1,1,0.0214948808545182
1,1,0,-1,1,-0.0047250544688969
1,1,0,-1,1,0.1158604590850331
1,1,0,-1,1,0.0048703229699616
1,1,0,-1,1,0.0666749449437923
1,1,0,-1,1,-0.0330542909246882
1,1,0,-1,1,0.0242142759108157
1,1,0,-1,1,0.0511659879496309
1,1,0,-1,1,0.0281412275551335
1,1,0,-1,1,0.0150313748493397
1,1,0,-1,1,-0.0312594548702277
1,1,0,-1,1,0.0259564696110003
1,1,0,-1,1,0.0607106198858115
1,1,0,-1,1,0.030976267004644
1,1,0,-1,1,0.0380083845507879
1,1,0,-1,1,-0.0347986407320908
1,1,0,-1,1,0.0296101609467629
1,1,0,-1,1,0.008172041680357
1,1,0,-1,1,0.0479572356475155
1,1,0,-1,1,0.0318451592208377
1,1,0,-1,1,-0.0441405148207544
1,1,0,-1,1,-0.0322740528181768
1,1,0,-1,1,0.0358751054484261
1,1,0,-1,1,0.0481092997390354
1,1,0,-1,1,0.0525353544488634
1,1,0,-1,1,-0.0168481556354649
1,1,0,-1,1,0.0248820081943535
1,1,0,-1,1,0.1171311741224418
1,1,0,-1,1,0.0164204885430572
1,1,0,-1,1,0.119697898581215
1,1,0,-1,1,-0.0320217540335991
1,1,0,-1,1,-0.0338327163480975
1,1,0,-1,1,0.0502920452050558
1,1,0,-1,1,0.0360125381498104
1,1,0,-1,1,-0.006326972492649
1,1,0,-1,1,-0.0239387432766258
1,1,0,-1,1,0.009923530926396
1,1,0,-1,1,0.0551284222447071
1,1,0,-1,1,0.0404535116255412
1,1,0,-1,1,0.0097376398338727
1,1,0,-1,1,-0.020459855376973
1,1,0,1,-1,0.0129052104565303
1,1,0,1,-1,0.1118196573510305
1,1,0,1,-1,0.0286207565056833
1,1,0,1,-1,0.0735186645947359
1,1,0,1,-1,-0.0205261917428889
1,1,0,1,-1,0.0031046820455786
1,1,0,1,-1,0.0851787031223373
1,1,0,1,-1,0.0299350355532171
1,1,0,1,-1,0.0728089742693929
1,1,0,1,-1,-0.0196702648600767
1,1,0,1,-1,-0.0178908913269982
1,1,0,1,-1,0.0261018298181594
1,1,0,1,-1,0.0440883985103833
1,1,0,1,-1,0.0730107480414672
1,1,0,1,-1,-0.0299581833668493
1,1,0,1,-1,0.0030593283602071
1,1,0,1,-1,0.02840413086864
1,1,0,1,-1,0.0387124759312427
1,1,0,1,-1,0.0664453160283059
1,1,0,1,-1,-0.0579459914925613
1,1,0,1,-1,-0.0370359381801608
1,1,0,1,-1,0.1055693043608796
1,1,0,1,-1,0.0201180452416505
1,1,0,1,-1,0.0395834011664661
1,1,0,1,-1,-0.064133660684912
1,1,0,1,-1,-0.0030343700308272
1,1,0,1,-1,0.1016775376296766
1,1,0,1,-1,-0.0154130630082861
1,1,0,1,-1,0.0397494769260479
1,1,0,1,-1,-0.0459041752159908
1,1,0,1,-1,0.0026061636841654
1,1,0,1,-1,0.0553485094913938
1,1,0,1,-1,0.0473931896282666
1,1,0,1,-1,0.0582910661265819
1,1,0,1,-1,-0.0525731856050166
1,1,0,1,-1,-0.0045350463406249
1,1,0,1,-1,0.0629418184041794
1,1,0,1,-1,0.0323805495337168
1,1,0,1,-1,0.0555250417775114
1,1,0,1,-1,-0.0648171291469228
1,1,0,1,-1,-0.0230710621186473
1,1,0,1,-1,0.0632295439806993
1,1,0,1,-1,0.0543820972397432
1,1,0,1,-1,0.0645091727182653
1,1,0,1,-1,-0.0310835603669318
1,1,0,1,-1,-0.0512132524112391
1,1,0,1,-1,0.0840475572898334
1,1,0,1,-1,0.0209163852656571
1,1,0,1,-1,0.05503666044326
1,1,0,1,-1,-0.0695615535687275
1,1,0,1,1,0.0378665472294253
1,1,0,1,1,0.108643223169769
1,1,0,1,1,0.0270738585819018
1,1,0,1,1,0.0499409482130855
1,1,0,1,1,-0.0100868614032717
1,1,0,1,1,-0.0202539096994187
1,1,0,1,1,0.072858637613779
1,1,0,1,1,0.0270272987817159
1,1,0,1,1,0.054369725558216
1,1,0,1,1,-0.0183297851448204
1,1,0,1,1,-0.0162239759501761
1,1,0,1,1,0.1256267270180663
1,1,0,1,1,0.0232006313840027
1,1,0,1,1,0.0502341126647047
1,1,0,1,1,-0.0313025465679414
1,1,0,1,1,-0.0057108670359775
1,1,0,1,1,0.1207275759428621
1,1,0,1,1,0.0104714021125349
1,1,0,1,1,0.0765826799084556
1,1,0,1,1,-0.0198512776818367
1,1,0,1,1,0.0188778156156045
1,1,0,1,1,0.0502978457955754
1,1,0,1,1,0.0405288641797082
1,1,0,1,1,0.049195129553065
1,1,0,1,1,-0.021070428636403
1,1,0,1,1,0.0169545147665993
1,1,0,1,1,0.0872983346414064
1,1,0,1,1,0.0392825279179699
1,1,0,1,1,0.0665202387237585
1,1,0,1,1,-0.0355413984111565
1,1,0,1,1,-0.0222328106034598
1,1,0,1,1,0.1145022342626655
1,1,0,1,1,0.0215790365229824
1,1,0,1,1,0.0510921364227539
1,1,0,1,1,-0.0167850840604308
1,1,0,1,1,-0.0256687060723939
1,1,0,1,1,0.051474862345763
1,1,0,1,1,0.0257030656148415
1,1,0,1,1,0.0220549550562663
1,1,0,1,1,-0.0315144679965319
1,1,0,1,1,0.0040675840982033
1,1,0,1,1,0.0803683083423811
1,1,0,1,1,0.0265191794495535
1,1,0,1,1,0.0490044728117213
1,1,0,1,1,-0.0059971997287242
1,1,0,1,1,-0.0164118747801435
1,1,0,1,1,0.0375132156577219
1,1,0,1,1,0.0257975753271382
1,1,0,1,1,0.0764196625933013
1,1,0,1,1,0.0086373268528251
1,1,1,-1,-1,-0.0034718222426711
1,1,1,-1,-1,0.0322817466361928
1,1,1,-1,-1,0.0523426893879332
1,1,1,-1,-1,-0.0089533214058866
1,1,1,-1,-1,-0.0786134736270361
1,1,1,-1,-1,-0.0429103358438988
1,1,1,-1,-1,0.0112178884632633
1,1,1,-1,-1,0.0606225763419312
1,1,1,-1,-1,0.0249349982583449
1,1,1,-1,-1,-0.0143955257195267
1,1,1,-1,-1,0.0337390222099439
1,1,1,-1,-1,-0.0160167425996017
1,1,1,-1,-1,0.0559989016054723
1,1,1,-1,-1,0.0657428335224019
1,1,1,-1,-1,-0.0560614829477873
1,1,1,-1,-1,-0.0630423915637355
1,1,1,-1,-1,0.0204553130114012
1,1,1,-1,-1,0.0524459967417548
1,1,1,-1,-1,0.0505052999792303
1,1,1,-1,-1,-0.0317927362422548
1,1,1,-1,-1,0.0116412323558272
1,1,1,-1,-1,0.0470878227860665
1,1,1,-1,-1,0.027566731794147
1,1,1,-1,-1,0.0334324580665646
1,1,1,-1,-1,-0.0608674696171397
1,1,1,-1,-1,-0.018443965906971
1,1,1,-1,-1,0.104134434670104
1,1,1,-1,-1,0.0303528151185078
1,1,1,-1,-1,-0.0165326690299408
1,1,1,-1,-1,-0.0237699493048916
1,1,1,-1,-1,-0.0238775866055266
1,1,1,-1,-1,0.0327812523634725
1,1,1,-1,-1,0.0268642594882839
1,1,1,-1,-1,0.0476262156059275
1,1,1,-1,-1,-0.0313675769363229
1,1,1,-1,-1,-0.036419209510841
1,1,1,-1,-1,0.1017667437501607
1,1,1,-1,-1,0.0715651558791923
1,1,1,-1,-1,0.0298296397403201
1,1,1,-1,-1,-0.0085616620304796
1,1,1,-1,-1,-0.0267492038354509
1,1,1,-1,-1,0.1037144157568881
1,1,1,-1,-1,0.0256479664681186
1,1,1,-1,-1,-0.0221614687921367
1,1,1,-1,-1,-0.0137726700995755
1,1,1,-1,-1,-0.0447441492677623
1,1,1,-1,-1,0.0770224057150164
1,1,1,-1,-1,0.0255419348161779
1,1,1,-1,-1,0.0580560960154029
1,1,1,-1,-1,0.0122070076308497
1,1,1,-1,1,-0.0244143740902991
1,1,1,-1,1,0.1192070943196124
1,1,1,-1,1,0.0647863680308583
1,1,1,-1,1,0.0800914497574764
1,1,1,-1,1,-0.0134741627385864
1,1,1,-1,1,0.0374991829478092
1,1,1,-1,1,0.1217987493817632
1,1,1,-1,1,-0.0013743401352352
1,1,1,-1,1,0.0768508607204764
1,1,1,-1,1,-0.0200719918253041
1,1,1,-1,1,0.0165127549203661
1,1,1,-1,1,0.0375806286809651
1,1,1,-1,1,0.0272965119285762
1,1,1,-1,1,-0.0148545710546622
1,1,1,-1,1,-0.0290196488945819
1,1,1,-1,1,0.0245811866269905
1,1,1,-1,1,0.0258434759712743
1,1,1,-1,1,0.0513264001450111
1,1,1,-1,1,0.0192273584299713
1,1,1,-1,1,-0.0195977511100382
1,1,1,-1,1,0.0165781164338386
1,1,1,-1,1,0.0924428788169415
1,1,1,-1,1,0.0309188491781074
1,1,1,-1,1,0.0683714301957953
1,1,1,-1,1,-0.0090995840949112
1,1,1,-1,1,0.0307176642439607
1,1,1,-1,1,0.06363783163199
1,1,1,-1,1,0.0378884691884213
1,1,1,-1,1,0.077783169239474
1,1,1,-1,1,-0.027197033523226
1,1,1,-1,1,0.012585184389892
1,1,1,-1,1,0.0981835830021167
1,1,1,-1,1,0.070664153744116
1,1,1,-1,1,-0.0161480479832182
1,1,1,-1,1,-0.0222414596421989
1,1,1,-1,1,0.0314726968858819
1,1,1,-1,1,0.1272486363485441
1,1,1,-1,1,0.0501664604003397
1,1,1,-1,1,0.0767781238227109
1,1,1,-1,1,-0.0218357818339028
1,1,1,-1,1,-0.0022006402070837
1,1,1,-1,1,0.1231548902262958
1,1,1,-1,1,0.0430343512548013
1,1,1,-1,1,0.019416168247719
1,1,1,-1,1,-0.0257981608207786
1,1,1,-1,1,-0.0211861844537273
1,1,1,-1,1,0.0527505839034302
1,1,1,-1,1,0.0574006094710507
1,1,1,-1,1,0.0728641503859653
1,1,1,-1,1,-0.0243980961453882
1,1,1,1,-1,0.0275253538150315
1,1,1,1,-1,0.1036392531681697
1,1,1,1,-1,0.0776623556363129
1,1,1,1,-1,0.0623084036802523
1,1,1,1,-1,-0.0160482631119541
1,1,1,1,-1,-0.0251239627719158
1,1,1,1,-1,0.10394717580828
1,1,1,1,-1,-0.0240725412266594
1,1,1,1,-1,0.0557448761505468
1,1,1,1,-1,-0.0379611716196628
1,1,1,1,-1,0.0001889012427301
1,1,1,1,-1,0.0500242427677169
1,1,1,1,-1,-0.146213503651129
1,1,1,1,-1,0.01297368381469
1,1,1,1,-1,-0.0566787280340773
1,1,1,1,-1,-0.0301327057704588
1,1,1,1,-1,0.0484604020773446
1,1,1,1,-1,0.0402630207753625
1,1,1,1,-1,0.0039832221585553
1,1,1,1,-1,-0.0258405229281418
1,1,1,1,-1,-0.0017219757704994
1,1,1,1,-1,0.0820755918586463
1,1,1,1,-1,0.0369095551166963
1,1,1,1,-1,0.1021579666055875
1,1,1,1,-1,-0.0219244256455537
1,1,1,1,-1,-0.0012886190773856
1,1,1,1,-1,0.0457493692610225
1,1,1,1,-1,0.0388723169258074
1,1,1,1,-1,0.0209145823020341
1,1,1,1,-1,-0.0367550401889778
1,1,1,1,-1,0.0170484677264515
1,1,1,1,-1,0.0900631171275113
1,1,1,1,-1,0.0168406652229956
1,1,1,1,-1,0.0109473349738755
1,1,1,1,-1,-0.052902551711263
1,1,1,1,-1,-0.0284060558748704
1,1,1,1,-1,-0.0187258137946677
1,1,1,1,-1,0.0438265462578387
1,1,1,1,-1,0.0663856371172947
1,1,1,1,-1,-0.0496892273528624
1,1,1,1,-1,-0.0693638377587371
1,1,1,1,-1,0.0230297992618177
1,1,1,1,-1,0.0224733145947568
1,1,1,1,-1,0.0122578314157342
1,1,1,1,-1,-0.0550857308589766
1,1,1,1,-1,-0.0549552529125153
1,1,1,1,-1,0.099593102561548
1,1,1,1,-1,0.0470130076520335
1,1,1,1,-1,0.070057159280497
1,1,1,1,-1,0.0091202419912684
1,1,1,1,1,-0.0302858862912737
1,1,1,1,1,0.0679461552641242
1,1,1,1,1,0.0311194113774284
1,1,1,1,1,0.0670233786265485
1,1,1,1,1,0.0246626150782332
1,1,1,1,1,-0.0330667136597088
1,1,1,1,1,0.0387085175762473
1,1,1,1,1,0.065677048255559
1,1,1,1,1,0.0738363171405201
1,1,1,1,1,-0.0316232888335837
1,1,1,1,1,-0.0190444584602558
1,1,1,1,1,0.0467064194770429
1,1,1,1,1,0.0256917795956056
1,1,1,1,1,0.0270611922468967
1,1,1,1,1,-0.0295123135204558
1,1,1,1,1,-0.0280244486876441
1,1,1,1,1,0.0541346159838159
1,1,1,1,1,0.0713784767842906
1,1,1,1,1,-0.012316451976799
1,1,1,1,1,-0.0203347826530318
1,1,1,1,1,0.0206741454588479
1,1,1,1,1,0.0143191039515467
1,1,1,1,1,0.0083559707069436
1,1,1,1,1,0.0657110196247713
1,1,1,1,1,-0.0292463069289888
1,1,1,1,1,0.0345009932433812
1,1,1,1,1,0.112212834375303
1,1,1,1,1,0.0220078673913955
1,1,1,1,1,0.0421646618503069
1,1,1,1,1,-0.0199624811736799
1,1,1,1,1,-0.0190889026704239
1,1,1,1,1,0.0651889414675994
1,1,1,1,1,0.022352050345711
1,1,1,1,1,-0.0189378909734262
1,1,1,1,1,-0.0200640691999046
1,1,1,1,1,-0.0319949642856631
1,1,1,1,1,0.0812032345572458
1,1,1,1,1,0.0518528850491114
1,1,1,1,1,0.0744730110831335
1,1,1,1,1,-0.015368088767951
1,1,1,1,1,-0.022744311556129
1,1,1,1,1,0.0688294867395545
1,1,1,1,1,0.0350000748154975
1,1,1,1,1,0.076671583610797
1,1,1,1,1,-0.0200044661509957
1,1,1,1,1,-0.0391104797688772
1,1,1,1,1,0.0504819942657828
1,1,1,1,1,0.0902638917564549
1,1,1,1,1,0.0778177181425874
1,1,1,1,1,-0.0208613529206418
